{
  "6_1": {
    "K": [
      [
        1042.8444042209317,
        0.0,
        969.4126138701597
      ],
      [
        0.0,
        1039.177474388999,
        545.6073445831695
      ],
      [
        0.0,
        0.0,
        1.0
      ]
    ],
    "dist": [
      0.006365797501306359,
      3.989509860426975e-05,
      0.0015677447136768286,
      0.0027209995703439183,
      0.0009869836656033976
    ]
  },
  "6_2": {
    "K": [
      [
        1036.304398326841,
        0.0,
        964.253660177554
      ],
      [
        0.0,
        1032.6417482952668,
        535.9612305089047
      ],
      [
        0.0,
        0.0,
        1.0
      ]
    ],
    "dist": [
      0.00231238467077169,
      0.00247508764574228,
      -0.001245548249775182,
      0.0012979173851226065,
      -0.00021079006159791555
    ]
  },
  "6_3": {
    "K": [
      [
        1041.4893615759083,
        0.0,
        968.2518064042603
      ],
      [
        0.0,
        1037.8189510297466,
        542.131600967435
      ],
      [
        0.0,
        0.0,
        1.0
      ]
    ],
    "dist": [
      0.004565151742609711,
      0.0004274997918015897,
      0.00023369520919812144,
      0.002269675839567312,
      0.0013163958624982006
    ]
  },
  "6_4": {
    "K": [
      [
        1042.2835316326837,
        0.0,
        965.8134516940463
      ],
      [
        0.0,
        1038.8517161540772,
        540.9193472804614
      ],
      [
        0.0,
        0.0,
        1.0
      ]
    ],
    "dist": [
      0.006113093634755729,
      0.003314603307142793,
      0.00018332738551268463,
      0.0017879509689010685,
      -0.0014375639052855009
    ]
  }
}