{
  "6_1": {
    "R": [
      [
        1.0,
        0.0,
        0.0
      ],
      [
        0.0,
        1.0,
        0.0
      ],
      [
        0.0,
        0.0,
        1.0
      ]
    ],
    "t": [
      [
        0.0
      ],
      [
        0.0
      ],
      [
        0.0
      ]
    ]
  },
  "6_4": {
    "R": [
      [
        0.4878356472965863,
        -0.2891987288668146,
        0.82363855935024
      ],
      [
        0.13564174659638734,
        0.9571802138746428,
        0.2557486163152677
      ],
      [
        -0.8623327071420877,
        -0.013043519030966164,
        0.5061740499119717
      ]
    ],
    "t": [
      [
        -0.9114381379387703
      ],
      [
        -0.058859709730632086
      ],
      [
        0.4072051759016979
      ]
    ]
  },
  "6_2": {
    "R": [
      [
        -0.9371777209568252,
        -0.10497138832558804,
        0.3326843889722318
      ],
      [
        0.029101720867132534,
        0.926805095541187,
        0.3744133957753179
      ],
      [
        -0.3476363043586581,
        0.36057356860673706,
        -0.8655262499362395
      ]
    ],
    "t": [
      [
        -0.4167551774653365
      ],
      [
        -0.21360261305482917
      ],
      [
        1.552845675661091
      ]
    ]
  },
  "6_3": {
    "R": [
      [
        -0.7543389818119153,
        0.1541118930829767,
        -0.6381396734050129
      ],
      [
        -0.08933296240969635,
        0.9389160210898571,
        0.3323496363755703
      ],
      [
        0.650378591726751,
        0.3077111768090659,
        -0.6944936893794403
      ]
    ],
    "t": [
      [
        0.5260491702676463
      ],
      [
        -0.3061860627889741
      ],
      [
        1.762797724803824
      ]
    ]
  }
}