{
  "('6_1', '6_4')": {
    "F": [
      [
        -2.717053693208235e-09,
        8.10873571447427e-07,
        -0.00013165884830239127
      ],
      [
        1.2089762335037121e-06,
        2.1677388604907988e-07,
        -0.003019751025285314
      ],
      [
        -0.0004761315391426401,
        0.0010238441823990892,
        1.0
      ]
    ],
    "Rd": [
      [
        0.4878356472965863,
        -0.2891987288668146,
        0.82363855935024
      ],
      [
        0.13564174659638734,
        0.9571802138746428,
        0.2557486163152677
      ],
      [
        -0.8623327071420877,
        -0.013043519030966164,
        0.5061740499119717
      ]
    ],
    "td": [
      [
        -0.9114381379387703
      ],
      [
        -0.058859709730632086
      ],
      [
        0.4072051759016979
      ]
    ],
    "triang_points": [
      [
        -0.14228707551956177,
        -0.2627875506877899,
        0.7480462789535522
      ],
      [
        -0.1996159702539444,
        -0.19837629795074463,
        0.7942848801612854
      ],
      [
        -0.22709928452968597,
        -0.18702475726604462,
        0.7442700266838074
      ],
      [
        -0.2354010045528412,
        -0.08194394409656525,
        0.7380608320236206
      ],
      [
        -0.15555746853351593,
        -0.02258496917784214,
        0.7467584013938904
      ],
      [
        -0.1672830581665039,
        -0.2126096934080124,
        0.8449989557266235
      ],
      [
        -0.1648990660905838,
        -0.12385621666908264,
        0.9024659395217896
      ],
      [
        -0.11430121213197708,
        -0.04952150210738182,
        0.8613792061805725
      ],
      [
        -0.2102348357439041,
        0.1016325056552887,
        0.7779725790023804
      ],
      [
        -0.2931084930896759,
        0.23704800009727478,
        0.8243431448936462
      ],
      [
        -0.15549983084201813,
        0.06645124405622482,
        0.9290648698806763
      ],
      [
        -0.2254926562309265,
        0.19554772973060608,
        1.0104609727859497
      ],
      [
        -0.15715304017066956,
        -0.2699061632156372,
        0.7384758591651917
      ],
      [
        -0.15728139877319336,
        0.21537216007709503,
        0.9918333888053894
      ],
      [
        -0.1664094179868698,
        0.21037264168262482,
        1.0157495737075806
      ],
      [
        -0.5790308713912964,
        0.31042295694351196,
        0.655312180519104
      ],
      [
        -1.2675561904907227,
        -0.5398371815681458,
        1.8701204061508179
      ],
      [
        -1.078941822052002,
        0.15868835151195526,
        1.3650829792022705
      ],
      [
        -0.3629375100135803,
        0.20499439537525177,
        0.849227249622345
      ],
      [
        -0.3558887541294098,
        0.1883704662322998,
        0.9317922592163086
      ]
    ],
    "ids": [
      0,
      1,
      2,
      3,
      4,
      5,
      6,
      7,
      10,
      11,
      13,
      14,
      15,
      19,
      20,
      34,
      35,
      36,
      43,
      44
    ]
  },
  "('6_2', '6_3')": {
    "F": [
      [
        -3.4784749995910156e-07,
        2.3510088034128014e-06,
        -0.0003807761943608017
      ],
      [
        8.778508097134978e-07,
        1.104779138018285e-07,
        -0.0040429190122292635
      ],
      [
        -0.000246686745458086,
        0.00013334625904799427,
        1.0
      ]
    ],
    "Rd": [
      [
        0.47847323039403844,
        -0.11804889322409642,
        0.8701309249790283
      ],
      [
        0.09572908587621713,
        0.9920285954421912,
        0.08194637235593272
      ],
      [
        -0.8728684379181076,
        0.044087692540653776,
        0.485959839341528
      ]
    ],
    "td": [
      [
        -0.692254252534717
      ],
      [
        -0.19316933459949376
      ],
      [
        0.6953198242664946
      ]
    ],
    "triang_points": [
      [
        0.10554598271846771,
        -0.07490362226963043,
        0.8782896995544434
      ],
      [
        0.10518525540828705,
        -0.06724521517753601,
        0.8171594142913818
      ],
      [
        0.08639615029096603,
        0.05295313894748688,
        0.7936244010925293
      ],
      [
        0.010470862500369549,
        0.10121409595012665,
        0.8383479714393616
      ],
      [
        0.05325619876384735,
        0.21374502778053284,
        1.0135586261749268
      ],
      [
        0.0587625689804554,
        0.23678052425384521,
        0.8395562171936035
      ],
      [
        0.12656652927398682,
        0.381171852350235,
        0.8458502888679504
      ],
      [
        0.08878886699676514,
        -0.14502868056297302,
        0.8400883674621582
      ],
      [
        -0.21931618452072144,
        0.3838437795639038,
        0.8814380764961243
      ],
      [
        -0.21180804073810577,
        0.3766709268093109,
        0.9357944130897522
      ],
      [
        -0.5744110941886902,
        0.37358060479164124,
        0.758190393447876
      ],
      [
        -0.5793735384941101,
        0.36437350511550903,
        0.8170590996742249
      ],
      [
        0.30821508169174194,
        0.42332619428634644,
        0.9012134671211243
      ],
      [
        0.31787967681884766,
        0.4131712019443512,
        0.9762231111526489
      ],
      [
        -0.6631250977516174,
        0.32172664999961853,
        0.9282515048980713
      ],
      [
        -0.3105231821537018,
        0.3554561734199524,
        0.9454328417778015
      ],
      [
        0.2133573293685913,
        0.34851792454719543,
        0.9794180989265442
      ],
      [
        0.1013767421245575,
        0.33079880475997925,
        1.3632378578186035
      ],
      [
        0.46321043372154236,
        0.3658757507801056,
        1.3111977577209473
      ]
    ],
    "ids": [
      1,
      5,
      6,
      7,
      10,
      13,
      14,
      18,
      30,
      31,
      32,
      33,
      37,
      38,
      40,
      42,
      44,
      45,
      46
    ]
  },
  "('6_4', '6_2')": {
    "F": [
      [
        -3.4668373146242034e-07,
        1.7448921233230528e-06,
        -0.00037199346833524476
      ],
      [
        2.595105677251806e-06,
        -2.388113784307765e-09,
        -0.003943796153084436
      ],
      [
        -0.0009115038738535153,
        0.0007485046030222646,
        0.9999999999999999
      ]
    ],
    "Rd": [
      [
        -0.15281939993848698,
        -0.14251338258258264,
        0.9779244177273165
      ],
      [
        0.0545472961048499,
        0.9868226232869153,
        0.15233418085505362
      ],
      [
        -0.9867475986746008,
        0.07662275089032493,
        -0.14303192145779398
      ]
    ],
    "td": [
      [
        -0.7945567233146356
      ],
      [
        -0.13852781172804224
      ],
      [
        0.5911765039422235
      ]
    ],