{
  "('6_1', '6_4')": {
    "triang_points": [
      [
        -0.14228707551956177,
        -0.2627875506877899,
        0.7480462789535522
      ],
      [
        -0.1996159702539444,
        -0.19837629795074463,
        0.7942848801612854
      ],
      [
        -0.22709928452968597,
        -0.18702475726604462,
        0.7442700266838074
      ],
      [
        -0.2354010045528412,
        -0.08194394409656525,
        0.7380608320236206
      ],
      [
        -0.15555746853351593,
        -0.02258496917784214,
        0.7467584013938904
      ],
      [
        -0.1672830581665039,
        -0.2126096934080124,
        0.8449989557266235
      ],
      [
        -0.1648990660905838,
        -0.12385621666908264,
        0.9024659395217896
      ],
      [
        -0.11430121213197708,
        -0.04952150210738182,
        0.8613792061805725
      ],
      [
        -0.2102348357439041,
        0.1016325056552887,
        0.7779725790023804
      ],
      [
        -0.2931084930896759,
        0.23704800009727478,
        0.8243431448936462
      ],
      [
        -0.15549983084201813,
        0.06645124405622482,
        0.9290648698806763
      ],
      [
        -0.2254926562309265,
        0.19554772973060608,
        1.0104609727859497
      ],
      [
        -0.15715304017066956,
        -0.2699061632156372,
        0.7384758591651917
      ],
      [
        -0.15728139877319336,
        0.21537216007709503,
        0.9918333888053894
      ],
      [
        -0.1664094179868698,
        0.21037264168262482,
        1.0157495737075806
      ],
      [
        -0.5790308713912964,
        0.31042295694351196,
        0.655312180519104
      ],
      [
        -1.2675561904907227,
        -0.5398371815681458,
        1.8701204061508179
      ],
      [
        -1.078941822052002,
        0.15868835151195526,
        1.3650829792022705
      ],
      [
        -0.3629375100135803,
        0.20499439537525177,
        0.849227249622345
      ],
      [
        -0.3558887541294098,
        0.1883704662322998,
        0.9317922592163086
      ]
    ],
    "ids": [
      0,
      1,
      2,
      3,
      4,
      5,
      6,
      7,
      10,
      11,
      13,
      14,
      15,
      19,
      20,
      34,
      35,
      36,
      43,
      44
    ]
  },
  "('6_4', '6_2')": {
    "triang_points": [
      [
        -0.19281172816476777,
        -0.24947416364320285,
        0.7620254236933487
      ],
      [
        -0.2496416021876895,
        -0.18058018420086616,
        0.8107598230869197
      ],
      [
        -0.25897577401879723,
        -0.05977477909883086,
        0.7481472395927068
      ],
      [
        -0.1872731736071387,
        -0.004935226463174347,
        0.7565430793850063
      ],
      [
        -0.22730725596128454,
        -0.19737739864447745,
        0.8670258950738792
      ],
      [
        -0.20044956656631885,
        -0.09974893916865712,
        0.9222862807197176
      ],
      [
        -0.14365109171261492,
        -0.024435195682167454,
        0.8765406420412363
      ],
      [
        -0.40639942681920194,
        0.23081263294620202,
        1.0635842187535565
      ],
      [
        -0.44074722118385745,
        0.2437066332250709,
        1.000191557494978
      ],
      [
        -0.2369075927007429,
        0.126688165771153,
        0.787782292625815
      ],
      [
        -0.36317729681650057,
        0.22142850731938563,
        0.8540347992542949
      ],
      [
        -0.3551844536161195,
        0.20393363719878127,
        0.9364266373291786
      ],
      [
        -0.1830016511232324,
        0.08798857670154792,
        0.9439004384866551
      ],
      [
        -0.2401596209647192,
        0.2153146209807843,
        1.020817034314343
      ],
      [
        -0.3861162861994818,
        0.3268005339942759,
        0.5703351752505252
      ],
      [
        -0.1994528129381019,
        -0.2621846820694945,
        0.7735513813705421
      ],
      [
        -0.666703746658369,
        0.2835796718108019,
        0.768807791579591
      ],
      [
        -0.2249883161916726,
        -0.2621022453378019,
        0.8057671966532128
      ]
    ],
    "ids": [
      0,
      1,
      3,
      4,
      5,
      6,
      7,
      37,
      38,
      10,
      43,
      44,
      13,
      14,
      45,
      16,
      46,
      18
    ]
  },
  "('6_2', '6_3')": {
    "triang_points": [
      [
        -0.22669654106075,
        -0.18360291353039077,
        0.8544853486300432
      ],
      [
        -0.2061862779330358,
        -0.19761952970139587,
        0.9068208913960741
      ],
      [
        -0.1786459238921227,
        -0.0989926948191005,
        0.9624155162358232
      ],
      [
        -0.1250361007303345,
        -0.03427565254299075,
        0.9192558192868843
      ],
      [
        -0.21693547231812305,
        0.11897677942701002,
        0.8296601202570354
      ],
      [
        -0.16427814150459435,
        0.07951231660394653,
        0.9811080849064213
      ],
      [
        -0.22213627045293655,
        0.20078949512724908,
        1.0480321140002038
      ],
      [
        -0.2013607901506585,
        -0.2560145918786828,
        0.8556453849024757
      ],
      [
        0.07111110129980185,
        0.24932510864098678,
        0.9118067673652023
      ],
      [
        0.04652982602813982,
        0.26076265130453735,
        0.8673912073517226
      ],
      [
        0.4240442379723368,
        0.23364340954957907,
        0.8974169837170364
      ],
      [
        0.40892189956347075,
        0.2460689875379376,
        0.8447115843189882
      ],
      [
        -0.3991572480863429,
        0.23836786003958788,
        1.0746398327334943
      ],
      [
        -0.4324718256161939,
        0.25399622109820796,
        1.0130398493429527
      ],
      [
        0.44521299193606306,
        0.2548696481682633,
        0.7130008971868428
      ],
      [
        0.12979084351508338,
        0.2552859434530902,
        0.8211967704032628
      ],
      [
        -0.34317563685239694,
        0.20905173637449037,
        0.9549795699614774
      ],
      [
        -0.37044451776736265,
        0.33479846148729764,
        0.6013310211970591
      ],
      [
        -0.6713375439827649,
        0.3120079912761906,
        0.7692265046120311
      ]
    ],
    "ids": [
      1,
      5,
      6,
      7,
      10,
      13,
      14,
      18,
      30,
      31,
      32,
      33,
      37,
      38,
      40,
      42,
      44,
      45,
      46
    ]
  }
}