{
  "6_1": {
    "R": [
      [
        1.0,
        0.0,
        0.0
      ],
      [
        0.0,
        1.0,
        -1.6547705825968987e-15
      ],
      [
        0.0,
        1.6547705825968987e-15,
        1.0
      ]
    ],
    "t": [
      -0.24396004348805442,
      0.1215388856353875,
      -0.13001193878910605
    ],
    "K": [
      [
        1033.0397743644073,
        0.0,
        979.245746927015
      ],
      [
        0.0,
        1049.1771998055451,
        535.6473175610133
      ],
      [
        0.0,
        0.0,
        1.0
      ]
    ],
    "dist": [
      0.014896173574776553,
      -0.0035331979342265096,
      0.0015677447146768284,
      0.0027209995693439192,
      0.0009869836649585059
    ]
  },
  "6_2": {
    "R": [
      [
        -0.9185694061307156,
        -0.1733217146689334,
        0.35523207814735036
      ],
      [
        -0.025838100179431528,
        0.9231390675133312,
        0.3835969950478439
      ],
      [
        -0.3944142982953104,
        0.3431819419125061,
        -0.8524456088486697
      ]
    ],
    "t": [
      -0.23690718443936504,
      -0.13765892562844279,
      1.7094906171099757
    ],
    "K": [
      [
        1033.2705726373676,
        0.0,
        954.2597779601122
      ],
      [
        0.0,
        1025.6647933432344,
        545.8515658590013
      ],
      [
        0.0,
        0.0,
        1.0
      ]
    ],
    "dist": [
      0.007456324190062016,
      0.010887634901814396,
      -0.0012455482507751818,
      0.001297917386046819,
      -0.00021079006083909597
    ]
  },
  "6_3": {
    "R": [
      [
        -0.7809760345060581,
        0.08006211582811296,
        -0.6194081781316083
      ],
      [
        -0.1569427811530888,
        0.9347707222865596,
        0.3187046598338303
      ],
      [
        0.604520799452861,
        0.34611234356056936,
        -0.7174683607406562
      ]
    ],
    "t": [
      0.745784582836437,
      -0.15222285101125962,
      1.6783726095184086
    ],
    "K": [
      [
        1043.3793922974814,
        0.0,
        960.6811780220152
      ],
      [
        0.0,
        1032.0293785378858,
        546.9016855802574
      ],
      [
        0.0,
        0.0,
        1.0
      ]
    ],
    "dist": [
      -0.0054348283822152005,
      -0.009567450533801248,
      0.00023369520844257515,
      0.0022696758385673125,
      0.0013163958615053824
    ]
  },
  "6_4": {
    "R": [
      [
        0.45091846513623646,
        -0.26255396731905817,
        0.853075584015979
      ],
      [
        0.10615898907638101,
        0.9647489513885823,
        0.24081056835801934
      ],
      [
        -0.8862295452293733,
        -0.018024290267703094,
        0.46289558015051735
      ]
    ],
    "t": [
      -1.1549032044050416,
      0.01081641766779599,
      0.571264904424368
    ],
    "K": [
      [
        1032.3172752598005,
        0.0,
        956.4262292218482
      ],
      [
        0.0,
        1048.3416189352151,
        550.5233185647838
      ],
      [
        0.0,
        0.0,
        1.0
      ]
    ],
    "dist": [
      -0.003635511188410856,
      0.0133075247287007,
      0.00018332738451268466,
      0.0017879509698987502,
      -0.0014375639042855017
    ]
  }
}