{
  "6_1": {
    "R": [
      [
        1.0,
        0.0,
        0.0
      ],
      [
        0.0,
        1.0,
        -2.374174380469328e-15
      ],
      [
        0.0,
        2.374174380469328e-15,
        1.0
      ]
    ],
    "t": [
      -0.18759405887670452,
      0.07035217483903017,
      -0.1027567467897887
    ],
    "K": [
      [
        1051.9660965555663,
        0.0,
        978.8174251273481
      ],
      [
        0.0,
        1043.035273317817,
        536.5081618328023
      ],
      [
        0.0,
        0.0,
        1.0
      ]
    ],
    "dist": [
      0.01634357593335209,
      0.00034319397610850906,
      0.001567744714675309,
      0.002720999569343919,
      0.0009869836646931524
    ]
  },
  "6_2": {
    "R": [
      [
        -0.918713814643824,
        -0.1900696022649102,
        0.3461769389740635
      ],
      [
        -0.03253260448758781,
        0.9100106111691486,
        0.4133065656444465
      ],
      [
        -0.39358170235396844,
        0.3684484141021805,
        -0.8422227791491634
      ]
    ],
    "t": [
      -0.2645314214087598,
      -0.20749693460720253,
      1.6559124706756847
    ],
    "K": [
      [
        1045.8244222107896,
        0.0,
        956.9416109210387
      ],
      [
        0.0,
        1024.6863003673395,
        545.3155455215041
      ],
      [
        0.0,
        0.0,
        1.0
      ]
    ],
    "dist": [
      -0.007552567866177803,
      0.011581264378731021,
      -0.0012455482507751818,
      0.0012979173841227952,
      -0.00021079006062195538
    ]
  },
  "6_3": {
    "R": [
      [
        -0.7733405657780132,
        0.08585121034795387,
        -0.628151207118106
      ],
      [
        -0.15834222181270366,
        0.9332355414731207,
        0.32248901519708695
      ],
      [
        0.6138991041804499,
        0.3488566952391222,
        -0.7081150302551692
      ]
    ],
    "t": [
      0.6913984335335946,
      -0.19576734079441646,
      1.684736320308805
    ],
    "K": [
      [
        1051.1625911387848,
        0.0,
        966.6268296266891
      ],
      [
        0.0,
        1028.3813456437754,
        532.7407755790784
      ],
      [
        0.0,
        0.0,
        1.0
      ]
    ],
    "dist": [
      -0.005434848258249677,
      -0.009572500209194115,
      0.00023369520946454694,
      0.0022696758385673155,
      0.0013163958614982008
    ]
  },
  "6_4": {
    "R": [
      [
        0.4363509116734451,
        -0.2887860381166338,
        0.8521739881448221
      ],
      [
        0.1178576077529261,
        0.9572794792519262,
        0.2640560222716354
      ],
      [
        -0.8920243641159756,
        -0.014785898419072477,
        0.45174540510273054
      ]
    ],
    "t": [
      -1.1227036745720165,
      -0.04406732552889038,
      0.556235556362855
    ],
    "K": [
      [
        1032.3051289008354,
        0.0,
        970.117384903339
      ],
      [
        0.0,
        1048.764029908863,
        547.0825949078994
      ],
      [
        0.0,
        0.0,
        1.0
      ]
    ],
    "dist": [
      0.016108781102384444,
      0.013314603308142792,
      0.00018332738451273215,
      0.0017879509681744956,
      -0.001437563904285501
    ]
  }
}