{
  "6_1": {
    "R": [
      [
        1.0,
        0.0,
        0.0
      ],
      [
        0.0,
        1.0,
        -2.7282225340078184e-15
      ],
      [
        0.0,
        2.7282225340078184e-15,
        1.0
      ]
    ],
    "t": [
      -0.20687796482770304,
      0.08452153884762026,
      -0.11066974606753195
    ],
    "K": [
      [
        1052.0214686816719,
        0.0,
        979.0578973642632
      ],
      [
        0.0,
        1043.3639355781283,
        536.3092141124687
      ],
      [
        0.0,
        0.0,
        1.0
      ]
    ],
    "dist": [
      0.016154784309052816,
      -0.003995908509053923,
      0.0015677447146768282,
      0.002720999569343919,
      0.0009869836647384057
    ]
  },
  "6_2": {
    "R": [
      [
        -0.9200029543712174,
        -0.1862570779833006,
        0.34482294710380623
      ],
      [
        -0.031401493929031674,
        0.9120533204162121,
        0.40886756645249794
      ],
      [
        -0.3906513920713155,
        0.36533141340279723,
        -0.8449404998305252
      ]
    ],
    "t": [
      -0.25080077492347325,
      -0.1921251936361367,
      1.676088813719329
    ],
    "K": [
      [
        1046.284003326978,
        0.0,
        955.3672084485114
      ],
      [
        0.0,
        1024.2971432613513,
        545.5416184432408
      ],
      [
        0.0,
        0.0,
        1.0
      ]
    ],
    "dist": [
      -0.007451197133863528,
      0.012363664212926373,
      -0.0012455482507751818,
      0.0012979173841239139,
      -0.00021079006059793415
    ]
  },
  "6_3": {
    "R": [
      [
        -0.7740004013853128,
        0.08376399755130753,
        -0.6276200852184379
      ],
      [
        -0.15854113820886942,
        0.9339992298173483,
        0.3201720571755683
      ],
      [
        0.6130155676251712,
        0.3473169034395299,
        -0.7096357392594917
      ]
    ],
    "t": [
      0.7117657237315407,
      -0.17848785065222836,
      1.6831316153858678
    ],
    "K": [
      [
        1050.6112634250167,
        0.0,
        965.7037832500877
      ],
      [
        0.0,
        1028.9551563731231,
        532.1321565899731
      ],
      [
        0.0,
        0.0,
        1.0
      ]
    ],
    "dist": [
      -0.005434848248099876,
      -0.009572500172547937,
      0.0002336952082483366,
      0.0022696758385673233,
      0.001316395861498201
    ]
  },
  "6_4": {
    "R": [
      [
        0.4315267877231856,
        -0.28585270969836735,
        0.8556125640939419
      ],
      [
        0.11844569217347678,
        0.958210172587485,
        0.2603917878033187
      ],
      [
        -0.8942903608352574,
        -0.011022409353833265,
        0.44735137980024364
      ]
    ],
    "t": [
      -1.1426228126914562,
      -0.03379371072993678,
      0.573564268657422
    ],
    "K": [
      [
        1032.2995537584286,
        0.0,
        967.5462224444539
      ],
      [
        0.0,
        1048.80566003644,
        550.1602778107986
      ],
      [
        0.0,
        0.0,
        1.0
      ]
    ],
    "dist": [
      0.016109242715271324,
      0.013314603308142277,
      0.0001833273845130015,
      0.0017879509687722013,
      -0.001437563904285501
    ]
  }
}