{
  "6_1": {
    "R": [
      [
        1.0,
        0.0,
        0.0
      ],
      [
        0.0,
        1.0,
        3.213090833011894e-15
      ],
      [
        0.0,
        -3.213090833011894e-15,
        1.0
      ]
    ],
    "t": [
      -0.052937247247445675,
      -0.09596927261322764,
      0.2046110196057046
    ],
    "K": [
      [
        1052.3053801094063,
        0.0,
        959.4126138701599
      ],
      [
        0.0,
        1049.1774743889996,
        535.6073446328693
      ],
      [
        0.0,
        0.0,
        1.0
      ]
    ],
    "dist": [
      -0.003634202499571725,
      -0.009960104902395718,
      0.0015677447146768284,
      0.002720999569343919,
      0.0009869836646033978
    ]
  },
  "6_2": {
    "R": [
      [
        -0.7663005281132964,
        -0.20327849996402303,
        0.6094762932761699
      ],
      [
        0.044189058173891266,
        0.9297053144426032,
        0.3656437548145535
      ],
      [
        -0.640960862885549,
        0.3071251857949093,
        -0.7034509879866934
      ]
    ],
    "t": [
      -0.4440645547955577,
      -0.19101756974831777,
      1.2981269519450964
    ],
    "K": [
      [
        1046.3043983268417,
        0.0,
        974.2536598187759
      ],
      [
        0.0,
        1022.6417482952659,
        525.9638302290052
      ],
      [
        0.0,
        0.0,
        1.0
      ]
    ],
    "dist": [
      0.01231238467177169,
      0.012475087646742279,
      -0.0012455482487768385,
      0.0012979173841226068,
      -0.00021079006059791558
    ]
  },
  "6_3": {
    "R": [
      [
        -0.9320231519956066,
        0.049843498158731486,
        -0.35895469050490897
      ],
      [
        -0.07702913829825014,
        0.9406162203256314,
        0.33061705629527405
      ],
      [
        0.354117714887583,
        0.3357927214095384,
        -0.8728366927731513
      ]
    ],
    "t": [
      0.21955855681559291,
      -0.2973138484212614,
      1.7709722703587976
    ],
    "K": [
      [
        1031.4893615759077,
        0.0,
        978.2518064042612
      ],
      [
        0.0,
        1047.8189510297473,
        550.9918196407339
      ],
      [
        0.0,
        0.0,
        1.0
      ]
    ],
    "dist": [
      -0.005432589720021116,
      -0.009572500158406171,
      0.00023369520819812147,
      0.0022696758385674113,
      0.001316395861498201
    ]
  },
  "6_4": {
    "R": [
      [
        0.6025435509201535,
        -0.24777990305488748,
        0.7586477370207092
      ],
      [
        0.11993135332903634,
        0.9679012654711013,
        0.22087012199051903
      ],
      [
        -0.7890232821236636,
        -0.04209821779543031,
        0.6129192445381776
      ]
    ],
    "t": [
      -0.7434998510040465,
      -0.08920504854042748,
      0.552425341805253
    ],
    "K": [
      [
        1032.4381098962403,
        0.0,
        958.6436084448803
      ],
      [
        0.0,
        1028.8641156027734,
        550.7086670272281
      ],
      [
        0.0,
        0.0,
        1.0
      ]
    ],
    "dist": [
      -0.0017385135207368455,
      0.011678530002133978,
      0.0001833273845126847,
      0.0017879509698414617,
      -0.0014375639042855095
    ]
  }
}