{
  "6_1": {
    "R": [
      [
        1.0,
        0.0,
        0.0
      ],
      [
        0.0,
        1.0,
        1.4921848624745845e-15
      ],
      [
        0.0,
        -1.4921848624745845e-15,
        1.0
      ]
    ],
    "t": [
      -0.11069482388682281,
      0.10785971078903243,
      -0.08157548526471643
    ],
    "K": [
      [
        1032.9402269855389,
        0.0,
        979.2643515025541
      ],
      [
        0.0,
        1049.1774485618791,
        535.6311417073553
      ],
      [
        0.0,
        0.0,
        1.0
      ]
    ],
    "dist": [
      -0.003233472545113454,
      -0.00996006051667153,
      0.0015677447146768284,
      0.002720999569343919,
      0.0009869836646034
    ]
  },
  "6_2": {
    "R": [
      [
        -0.9195364846728612,
        -0.16786866538752,
        0.3553487927888452
      ],
      [
        -0.021328798653555456,
        0.9241683460540143,
        0.38138949972408
      ],
      [
        -0.39242545241545285,
        0.3431223970142444,
        -0.853386949140732
      ]
    ],
    "t": [
      -0.3770067680553572,
      -0.14800279302190536,
      1.7439371151729106
    ],
    "K": [
      [
        1033.7712913973817,
        0.0,
        954.4453101965427
      ],
      [
        0.0,
        1026.481928311078,
        545.946244954694
      ],
      [
        0.0,
        0.0,
        1.0
      ]
    ],
    "dist": [
      0.011983618587507752,
      0.012396797396349834,
      -0.0012455482507751818,
      0.0012979173860189674,
      -0.00021079006060940853
    ]
  },
  "6_3": {
    "R": [
      [
        -0.7911176566304394,
        0.07226335085477895,
        -0.6073803268881872
      ],
      [
        -0.15668024010579296,
        0.9359250116037959,
        0.31542935027486774
      ],
      [
        0.5912564212995519,
        0.3447062238742916,
        -0.729104562799036
      ]
    ],
    "t": [
      0.6227373020046502,
      -0.1911647066282081,
      1.885489878523483
    ],
    "K": [
      [
        1038.2102210224234,
        0.0,
        973.062800317907
      ],
      [
        0.0,
        1029.2774641043445,
        549.5082087351173
      ],
      [
        0.0,
        0.0,
        1.0
      ]
    ],
    "dist": [
      -0.0054348462642935524,
      -0.009558644239730702,
      0.0002336952081981415,
      0.0022696758385673125,
      0.0013163958615232633
    ]
  },
  "6_4": {
    "R": [
      [
        0.4338092793627416,
        -0.25918376180076175,
        0.8629213676561642
      ],
      [
        0.0993387276714506,
        0.9656520546864952,
        0.240099826039853
      ],
      [
        -0.8955117678307729,
        -0.01843602176599682,
        0.4446558070890872
      ]
    ],
    "t": [
      -1.1473721027366441,
      0.019866052810574915,
      0.5340298327359329
    ],
    "K": [
      [
        1032.3299718002843,
        0.0,
        961.2486440991441
      ],
      [
        0.0,
        1048.1210318772573,
        549.5975040953118
      ],
      [
        0.0,
        0.0,
        1.0
      ]
    ],
    "dist": [
      0.0038983694699414656,
      0.01328993503206737,
      0.00018332738451268466,
      0.0017879509698996707,
      -0.0014375639042856396
    ]
  }
}