{
  "6_1": {
    "R": [
      [
        1.0,
        0.0,
        0.0
      ],
      [
        0.0,
        1.0,
        0.0
      ],
      [
        0.0,
        0.0,
        1.0
      ]
    ],
    "t": [
      -0.20028159642541046,
      0.06072468920238505,
      -0.0767836245355933
    ],
    "K": [
      [
        1046.0141789085865,
        0.0,
        979.3326298549853
      ],
      [
        0.0,
        1048.5436676719805,
        535.6079874834664
      ],
      [
        0.0,
        0.0,
        1.0
      ]
    ],
    "dist": [
      0.016343784993202933,
      -0.008872055501226953,
      0.0015677447146768284,
      0.002720999569343921,
      0.0009869836646034438
    ]
  },
  "6_2": {
    "R": [
      [
        -0.9156901149847508,
        -0.18042068120156024,
        0.35910999862713217
      ],
      [
        -0.02625137659278036,
        0.9185079547152002,
        0.39453010322646254
      ],
      [
        -0.4010267803354259,
        0.3518401837761914,
        -0.8458049459149184
      ]
    ],
    "t": [
      -0.25230234442209715,
      -0.18774164151834816,
      1.6311505680198588
    ],
    "K": [
      [
        1039.580707444827,
        0.0,
        954.3223095572653
      ],
      [
        0.0,
        1022.7016021707445,
        545.960228892695
      ],
      [
        0.0,
        0.0,
        1.0
      ]
    ],
    "dist": [
      0.0025665441939618345,
      0.010274480675063343,
      -0.0012455482507751818,
      0.0012979173857419325,
      -0.00021079006082342532
    ]
  },
  "6_3": {
    "R": [
      [
        -0.7841824955210914,
        0.07957640234717961,
        -0.6154067028460067
      ],
      [
        -0.1582103662577199,
        0.9333281806505086,
        0.32228556780006423
      ],
      [
        0.6000227443413387,
        0.35009442068260876,
        -0.7193098100818569
      ]
    ],
    "t": [
      0.6742366420130711,
      -0.20332237205515238,
      1.6634514694023321
    ],
    "K": [
      [
        1046.879865413582,
        0.0,
        963.3924756333923
      ],
      [
        0.0,
        1033.772884343014,
        544.0723657431079
      ],
      [
        0.0,
        0.0,
        1.0
      ]
    ],
    "dist": [
      -0.005434848258341953,
      -0.009572499719178906,
      0.00023369520819859694,
      0.0022696758385673125,
      0.001316395861498202
    ]
  },
  "6_4": {
    "R": [
      [
        0.436616946823375,
        -0.2719835068583166,
        0.8575491902763864
      ],
      [
        0.10939619875962468,
        0.9621832668557274,
        0.24947110590163507
      ],
      [
        -0.8929715076325665,
        -0.015110690913791955,
        0.4498594820347005
      ]
    ],
    "t": [
      -1.0955808730380545,
      -0.036602168004188064,
      0.5798797598532092
    ],
    "K": [
      [
        1032.292258385355,
        0.0,
        960.4069461392476
      ],
      [
        0.0,
        1048.7578119568466,
        548.0012362908457
      ],
      [
        0.0,
        0.0,
        1.0
      ]
    ],
    "dist": [
      0.015536867936441712,
      0.013314599898177728,
      0.00018332738451268466,
      0.0017879509698999884,
      -0.001437563904285501
    ]
  }
}