{
  "6_1": {
    "R": [
      [
        1.0,
        0.0,
        0.0
      ],
      [
        0.0,
        1.0,
        1.145251697910682e-15
      ],
      [
        0.0,
        -1.145251697910682e-15,
        1.0
      ]
    ],
    "t": [
      -0.23800870115099185,
      0.10361990737927389,
      -0.12185281241349076
    ],
    "K": [
      [
        1042.8939465281799,
        0.0,
        979.379375686246
      ],
      [
        0.0,
        1049.168014859354,
        535.6530513680495
      ],
      [
        0.0,
        0.0,
        1.0
      ]
    ],
    "dist": [
      0.013026454625105413,
      -0.009588059409229199,
      0.0015677447146768284,
      0.002720999569343919,
      0.0009869836646162829
    ]
  },
  "6_2": {
    "R": [
      [
        -0.9221547550333723,
        -0.17132579645560053,
        0.3468113020623682
      ],
      [
        -0.02882848760327411,
        0.9245130597362546,
        0.38005857532703646
      ],
      [
        -0.3857454161384798,
        0.3404747771068555,
        -0.8574831777254805
      ]
    ],
    "t": [
      -0.22527607159006663,
      -0.14486961727651884,
      1.6881318670376366
    ],
    "K": [
      [
        1040.164942654256,
        0.0,
        954.3318692045851
      ],
      [
        0.0,
        1023.9993706109586,
        545.9522864018616
      ],
      [
        0.0,
        0.0,
        1.0
      ]
    ],
    "dist": [
      0.011069661785376822,
      0.011778587785087497,
      -0.0012455482507751818,
      0.0012979173861221794,
      -0.0002107900607408946
    ]
  },
  "6_3": {
    "R": [
      [
        -0.7794492373483398,
        0.07495868366358825,
        -0.6219646952524827
      ],
      [
        -0.16152836309507873,
        0.9351988600012366,
        0.3151375575335496
      ],
      [
        0.6052829704468117,
        0.3460986680064068,
        -0.7168320847250598
      ]
    ],
    "t": [
      0.7254135939376793,
      -0.15850569077784277,
      1.653728422483415
    ],
    "K": [
      [
        1051.0001191027502,
        0.0,
        968.0034074469216
      ],
      [
        0.0,
        1034.2914268964803,
        544.1260799259474
      ],
      [
        0.0,
        0.0,
        1.0
      ]
    ],
    "dist": [
      -0.00543484803188179,
      -0.00957233234669997,
      0.0002336952082325096,
      0.0022696758385673125,
      0.0013163958614988438
    ]
  },
  "6_4": {
    "R": [
      [
        0.43134885065086076,
        -0.26503430357507335,
        0.8623775199822042
      ],
      [
        0.10527273465504068,
        0.9641327383871348,
        0.24365080362759667
      ],
      [
        -0.8960222209188958,
        -0.014313654271363788,
        0.4437784344928999
      ]
    ],
    "t": [
      -1.1459382490272678,
      -0.003260240671008675,
      0.5860127182188154
    ],
    "K": [
      [
        1032.287659061077,
        0.0,
        958.4705416539699
      ],
      [
        0.0,
        1048.8410007391167,
        548.7983914932337
      ],
      [
        0.0,
        0.0,
        1.0
      ]
    ],
    "dist": [
      0.00075666565264816,
      0.013314103270110997,
      0.00018332738451268466,
      0.0017879509699000404,
      -0.001437563904285501
    ]
  }
}