{
  "6_1": {
    "R": [
      [
        1.0,
        0.0,
        0.0
      ],
      [
        0.0,
        1.0,
        -1.306018391877497e-15
      ],
      [
        0.0,
        1.306018391877497e-15,
        1.0
      ]
    ],
    "t": [
      -0.05551294201932052,
      0.11861625439741934,
      -0.06823221804452703
    ],
    "K": [
      [
        1052.835498620367,
        0.0,
        978.5749697220593
      ],
      [
        0.0,
        1049.1762882024334,
        535.6078591996297
      ],
      [
        0.0,
        0.0,
        1.0
      ]
    ],
    "dist": [
      -0.0036341898053638823,
      -0.009960104902393477,
      0.0015677447146768284,
      0.002720999569343919,
      0.0009869836646033978
    ]
  },
  "6_2": {
    "R": [
      [
        -0.9248408051081003,
        -0.17002586079437115,
        0.34023622950552135
      ],
      [
        -0.02960432153104635,
        0.9239886150177892,
        0.38127237437846523
      ],
      [
        -0.3792005661304939,
        0.34254378695086446,
        -0.8595758748753209
      ]
    ],
    "t": [
      -0.4432562897301155,
      -0.15344224690118277,
      1.8433951368840946
    ],
    "K": [
      [
        1044.2887738879817,
        0.0,
        955.7025198914133
      ],
      [
        0.0,
        1022.8487200888835,
        545.9555548126762
      ],
      [
        0.0,
        0.0,
        1.0
      ]
    ],
    "dist": [
      0.002215979803247336,
      0.011937431629885883,
      -0.0012455482507751818,
      0.001297917386122351,
      -0.0002107900606280929
    ]
  },
  "6_3": {
    "R": [
      [
        -0.7760159725201228,
        0.07063899599772956,
        -0.626745037984411
      ],
      [
        -0.17102611609720764,
        0.932910016039671,
        0.3169053006586745
      ],
      [
        0.6070825957037086,
        0.3531133447170939,
        -0.7118719602402909
      ]
    ],
    "t": [
      0.6428738925214349,
      -0.21573202783638834,
      2.038223753818576
    ],
    "K": [
      [
        1051.4635645874712,
        0.0,
        964.7258848719905
      ],
      [
        0.0,
        1028.2792478559227,
        552.0243657539971
      ],
      [
        0.0,
        0.0,
        1.0
      ]
    ],
    "dist": [
      -0.005433568319854279,
      -0.009547047051447412,
      0.00023369520819812147,
      0.0022696758385673125,
      0.0013163958614993095
    ]
  },
  "6_4": {
    "R": [
      [
        0.4047254362157936,
        -0.26546858820365543,
        0.8750564267274961
      ],
      [
        0.1014363529214708,
        0.9640610210616185,
        0.2455545030652469
      ],
      [
        -0.9087947994932224,
        -0.010619620840103025,
        0.4171081826903975
      ]
    ],
    "t": [
      -1.2206641202738948,
      0.03133538805697315,
      0.5528522581328997
    ],
    "K": [
      [
        1032.3232934589223,
        0.0,
        964.8505503094041
      ],
      [
        0.0,
        1048.8246140046417,
        548.5194761426374
      ],
      [
        0.0,
        0.0,
        1.0
      ]
    ],
    "dist": [
      0.015706800352100075,
      0.013314402859433985,
      0.00018332738451270675,
      0.001787950969887995,
      -0.0014375639042855048
    ]
  }
}