{
  "6_1": {
    "R": [
      [
        1.0,
        0.0,
        0.0
      ],
      [
        0.0,
        1.0,
        -1.5020091777746903e-15
      ],
      [
        0.0,
        1.5020091777746903e-15,
        1.0
      ]
    ],
    "t": [
      -0.19232618965217238,
      0.09781625095968025,
      -0.11361714966880104
    ],
    "K": [
      [
        1051.9527621873738,
        0.0,
        977.6642568900787
      ],
      [
        0.0,
        1036.975726892142,
        537.1585891993398
      ],
      [
        0.0,
        0.0,
        1.0
      ]
    ],
    "dist": [
      0.016119123717993514,
      -0.006881359832388673,
      0.0015677447146739516,
      0.0027209995693439322,
      0.000986983664634353
    ]
  },
  "6_2": {
    "R": [
      [
        -0.9189901855207657,
        -0.19290144763373496,
        0.34386926355421465
      ],
      [
        -0.034966613134746985,
        0.9085814457478988,
        0.41624162743356435
      ],
      [
        -0.3927268451257101,
        0.3704980269090062,
        -0.8417225416811289
      ]
    ],
    "t": [
      -0.2675120681853713,
      -0.18899060289441905,
      1.6779753809753708
    ],
    "K": [
      [
        1046.2839213295126,
        0.0,
        958.9485116169817
      ],
      [
        0.0,
        1023.4381995836909,
        545.9543275710781
      ],
      [
        0.0,
        0.0,
        1.0
      ]
    ],
    "dist": [
      -0.007675391454689605,
      0.010312559962384399,
      -0.0012455482507751816,
      0.0012979173841245009,
      -0.00021079006061329865
    ]
  },
  "6_3": {
    "R": [
      [
        -0.773143557516863,
        0.08617704928638614,
        -0.628349071493275
      ],
      [
        -0.16103569642829316,
        0.9315849298990496,
        0.32590953171215575
      ],
      [
        0.6134464474964573,
        0.3531614851045819,
        -0.7063713056832804
      ]
    ],
    "t": [
      0.705133486952215,
      -0.17660048896708372,
      1.699356716961505
    ],
    "K": [
      [
        1049.9557140137038,
        0.0,
        966.3768184256294
      ],
      [
        0.0,
        1028.5681142581736,
        533.4917477109118
      ],
      [
        0.0,
        0.0,
        1.0
      ]
    ],
    "dist": [
      -0.005434848106864871,
      -0.009572499846931854,
      0.0002336952101423755,
      0.002269675838567328,
      0.001316395861498201
    ]
  },
  "6_4": {
    "R": [
      [
        0.43272419919419625,
        -0.29072097094849225,
        0.8533645671590234
      ],
      [
        0.11414396849080906,
        0.9566276101143207,
        0.26802009257541226
      ],
      [
        -0.8942711679848069,
        -0.01857236166267709,
        0.4471399618613393
      ]
    ],
    "t": [
      -1.146251736911376,
      -0.022216213715180753,
      0.5666864865208815
    ],
    "K": [
      [
        1032.3228980706037,
        0.0,
        971.1756396405377
      ],
      [
        0.0,
        1048.7075413052296,
        544.691597939508
      ],
      [
        0.0,
        0.0,
        1.0
      ]
    ],
    "dist": [
      0.01611278878337884,
      0.013314603308142348,
      0.00018332738451467496,
      0.0017879509679603997,
      -0.001437563904285501
    ]
  }
}