{
  "6_1": {
    "R": [
      [
        1.0,
        0.0,
        0.0
      ],
      [
        0.0,
        1.0,
        1.413336035454963e-15
      ],
      [
        0.0,
        -1.413336035454963e-15,
        1.0
      ]
    ],
    "t": [
      -0.16600235817073336,
      0.085929960304536,
      -0.10359259950937207
    ],
    "K": [
      [
        1051.699001096679,
        0.0,
        977.8635178863404
      ],
      [
        0.0,
        1035.4292222380143,
        537.8108201224052
      ],
      [
        0.0,
        0.0,
        1.0
      ]
    ],
    "dist": [
      0.016332149296235245,
      -7.429061795926522e-05,
      0.0015677447146724382,
      0.0027209995693439305,
      0.0009869836647017052
    ]
  },
  "6_2": {
    "R": [
      [
        -0.9199292063199129,
        -0.19393673018839339,
        0.3407620871567865
      ],
      [
        -0.03417718489078733,
        0.9054591009054073,
        0.4230552406252783
      ],
      [
        -0.3905920831155644,
        0.37753458288136393,
        -0.8395864835358169
      ]
    ],
    "t": [
      -0.29267779715191683,
      -0.21062875805115094,
      1.7010753217455246
    ],
    "K": [
      [
        1046.2610587309298,
        0.0,
        954.8467922968913
      ],
      [
        0.0,
        1023.6051185829272,
        545.958392022925
      ],
      [
        0.0,
        0.0,
        1.0
      ]
    ],
    "dist": [
      -0.007634060075333357,
      0.011538303863203616,
      -0.0012455482507751814,
      0.0012979173841247166,
      -0.00021079006062700562
    ]
  },
  "6_3": {
    "R": [
      [
        -0.7729959926949761,
        0.0921355508937664,
        -0.6276848218166587
      ],
      [
        -0.1612260124238848,
        0.9283849723842068,
        0.33482460478445913
      ],
      [
        0.6135824053828481,
        0.36001719863456255,
        -0.702783215858148
      ]
    ],
    "t": [
      0.6943993956002158,
      -0.20539966608498567,
      1.7570664482271412
    ],
    "K": [
      [
        1050.1016840028794,
        0.0,
        964.9845594060727
      ],
      [
        0.0,
        1030.4667386188555,
        533.681119403794
      ],
      [
        0.0,
        0.0,
        1.0
      ]
    ],
    "dist": [
      -0.005434848165067611,
      -0.009572494958146377,
      0.00023369520954271615,
      0.0022696758385674833,
      0.0013163958614982058
    ]
  },
  "6_4": {
    "R": [
      [
        0.4367759322303799,
        -0.2960422803447322,
        0.8494620375699985
      ],
      [
        0.11606714256821317,
        0.9549505033921555,
        0.2731262610719052
      ],
      [
        -0.8920511215397539,
        -0.020700345875357684,
        0.45146017791197035
      ]
    ],
    "t": [
      -1.1452077153971854,
      -0.030951323290391897,
      0.5542395461697719
    ],
    "K": [
      [
        1033.1090240444473,
        0.0,
        968.8208042669189
      ],
      [
        0.0,
        1048.8369816774095,
        541.7529543207141
      ],
      [
        0.0,
        0.0,
        1.0
      ]
    ],
    "dist": [
      0.015936396099955886,
      0.013314603308142723,
      0.00018332738453456999,
      0.0017879509687318271,
      -0.001437563904285501
    ]
  }
}