{
  "6_1": {
    "R": [
      [
        1.0,
        0.0,
        0.0
      ],
      [
        0.0,
        1.0,
        0.0
      ],
      [
        0.0,
        0.0,
        1.0
      ]
    ],
    "t": [
      0.15335873358904561,
      -0.04242885054430735,
      0.03749226166244242
    ],
    "K": [
      [
        1045.388174388375,
        0.0,
        971.8320658107277
      ],
      [
        0.0,
        1049.1774571432293,
        535.691569354574
      ],
      [
        0.0,
        0.0,
        1.0
      ]
    ],
    "dist": [
      0.015248148905937219,
      0.008455325583439862,
      0.0015677447146768284,
      0.002720999569344061,
      0.0009869836664771117
    ]
  },
  "6_2": {
    "R": [
      [
        -0.9206292983620789,
        -0.18292965987665094,
        0.3449325072166428
      ],
      [
        -0.03750370124358399,
        0.9207977695022818,
        0.388233100176498
      ],
      [
        -0.3886324322420589,
        0.34448252091657067,
        -0.8545739437828572
      ]
    ],
    "t": [
      -0.5307132360989916,
      -0.24486233580245895,
      1.46709327641181
    ],
    "K": [
      [
        1034.2847920620316,
        0.0,
        958.2925518985035
      ],
      [
        0.0,
        1025.1009115821983,
        528.4384433855375
      ],
      [
        0.0,
        0.0,
        1.0
      ]
    ],
    "dist": [
      0.012163077046018312,
      -0.0026795571005711616,
      -0.0012455482490279857,
      0.0012979173861191657,
      -0.00021079006256020857
    ]
  },
  "6_3": {
    "R": [
      [
        -0.7747903951333664,
        0.08548900106009921,
        -0.6264115853868192
      ],
      [
        -0.16836430898818705,
        0.9271349473967083,
        0.3347749225593721
      ],
      [
        0.6093876459758699,
        0.36484574824636457,
        -0.7039419556458745
      ]
    ],
    "t": [
      0.36033402155058425,
      -0.35535804519707787,
      1.8482750858146786
    ],
    "K": [
      [
        1051.38816676778,
        0.0,
        966.4137211686141
      ],
      [
        0.0,
        1031.9282645076125,
        552.1073516504558
      ],
      [
        0.0,
        0.0,
        1.0
      ]
    ],
    "dist": [
      -0.005434848212818855,
      -0.009572486926450971,
      0.00023369520819812147,
      0.002269675838567327,
      0.0013163958614982256
    ]
  },
  "6_4": {
    "R": [
      [
        0.4396180830452084,
        -0.26581856649389096,
        0.8579489674606463
      ],
      [
        0.10622519872238702,
        0.9638865500987244,
        0.24421082223187526
      ],
      [
        -0.8918812410943767,
        -0.016223693966297276,
        0.45197858747737407
      ]
    ],
    "t": [
      -0.8761401993172426,
      -0.07349163137474948,
      0.32902363390962874
    ],
    "K": [
      [
        1048.1531385921817,
        0.0,
        969.3546484539805
      ],
      [
        0.0,
        1037.1209834353942,
        550.3542827880995
      ],
      [
        0.0,
        0.0,
        1.0
      ]
    ],
    "dist": [
      -0.003824874142453369,
      0.012610848175709382,
      0.00018332738451268466,
      0.0017879509679437423,
      -0.001437563904285543
    ]
  }
}