{
  "6_1": {
    "R": [
      [
        1.0,
        0.0,
        0.0
      ],
      [
        0.0,
        1.0,
        5.891968764261514e-16
      ],
      [
        0.0,
        -5.891968764261514e-16,
        1.0
      ]
    ],
    "t": [
      -0.5362527419011073,
      -0.14658285233401394,
      -0.695433671529044
    ],
    "K": [
      [
        1046.4669087083337,
        0.0,
        966.0622775085745
      ],
      [
        0.0,
        1032.888303905771,
        543.3040077263072
      ],
      [
        0.0,
        0.0,
        1.0
      ]
    ],
    "dist": [
      0.003218121173759016,
      -0.002221276355226257,
      0.0015677447144558738,
      0.0027209995700770793,
      0.000986983665017874
    ]
  },
  "6_2": {
    "R": [
      [
        0.43035781384111454,
        -0.14014808920503743,
        0.8917122098289747
      ],
      [
        0.26269485392293085,
        0.9645597942214019,
        0.024815662271568797
      ],
      [
        -0.8635876132670655,
        0.22356859453810463,
        0.4519220261814531
      ]
    ],
    "t": [
      -2.6617683431261905,
      0.41475466658988114,
      2.3569404168427197
    ],
    "K": [
      [
        1032.610459710374,
        0.0,
        963.7920591764475
      ],
      [
        0.0,
        1039.2980734850087,
        538.7731868555171
      ],
      [
        0.0,
        0.0,
        1.0
      ]
    ],
    "dist": [
      0.005455328418455232,
      0.001392159222372383,
      -0.0012455482493810325,
      0.0012979173858446566,
      -0.0002107900619921791
    ]
  },
  "6_3": {
    "R": [
      [
        -0.5853429977680913,
        0.048787395651424995,
        0.8093166036783228
      ],
      [
        0.2820138754849239,
        0.9481106619299137,
        0.14681398696579812
      ],
      [
        -0.7601590287550613,
        0.31417505114246586,
        -0.56872865959242
      ]
    ],
    "t": [
      -2.630150327118304,
      -0.4144386499098326,
      6.507996779517394
    ],
    "K": [
      [
        1037.5392798075304,
        0.0,
        964.3906230103485
      ],
      [
        0.0,
        1045.713557532567,
        544.7316487007897
      ],
      [
        0.0,
        0.0,
        1.0
      ]
    ],
    "dist": [
      0.013892565433999556,
      0.008169514182112288,
      0.00023369521019777254,
      0.0022696758398666546,
      0.0013163958629272986
    ]
  },
  "6_4": {
    "R": [
      [
        0.7650552736688125,
        -0.43882853630763846,
        0.4712960258199022
      ],
      [
        0.3972030421439529,
        0.8976320437263324,
        0.19101428581987462
      ],
      [
        -0.5068729343170016,
        0.04106372849344313,
        0.8610421584679169
      ]
    ],
    "t": [
      1.2808585669435975,
      0.15287521844711263,
      0.6261842241571198
    ],
    "K": [
      [
        1046.1217716040915,
        0.0,
        972.9370391718685
      ],
      [
        0.0,
        1031.5242396700164,
        544.2349526246038
      ],
      [
        0.0,
        0.0,
        1.0
      ]
    ],
    "dist": [
      -0.0014324187791571214,
      -0.0039636955964089315,
      0.00018332738458929065,
      0.0017879509681675405,
      -0.0014375639059924221
    ]
  }
}