{
  "6_1": {
    "R": [
      [
        1.0,
        0.0,
        0.0
      ],
      [
        0.0,
        1.0,
        -2.511253055387684e-15
      ],
      [
        0.0,
        2.511253055387684e-15,
        1.0
      ]
    ],
    "t": [
      -0.234877871206435,
      0.08285107855950186,
      -0.11154879183665384
    ],
    "K": [
      [
        1050.981631409484,
        0.0,
        978.7195527309515
      ],
      [
        0.0,
        1045.4301702317457,
        536.6093129174137
      ],
      [
        0.0,
        0.0,
        1.0
      ]
    ],
    "dist": [
      0.016356506854316576,
      -0.0007337968689789262,
      0.0015677447146768282,
      0.002720999569343919,
      0.0009869836646285947
    ]
  },
  "6_2": {
    "R": [
      [
        -0.9216220732131067,
        -0.1863106206374583,
        0.340442516152228
      ],
      [
        -0.0334072866236312,
        0.9120590770388681,
        0.4086957220126658
      ],
      [
        -0.38664804068664493,
        0.3652897379186729,
        -0.8467979097780566
      ]
    ],
    "t": [
      -0.20846159219658278,
      -0.18661393861163064,
      1.6383315374644285
    ],
    "K": [
      [
        1045.1320484624844,
        0.0,
        957.2218007201815
      ],
      [
        0.0,
        1027.898384443745,
        545.9174027214202
      ],
      [
        0.0,
        0.0,
        1.0
      ]
    ],
    "dist": [
      -0.0069959981468196404,
      0.011531187210717506,
      -0.0012455482507751818,
      0.001297917384125127,
      -0.00021079006063187157
    ]
  },
  "6_3": {
    "R": [
      [
        -0.7726966336488019,
        0.08114216665224894,
        -0.6295679956436698
      ],
      [
        -0.16197783639334956,
        0.9337591291681064,
        0.31915054318072084
      ],
      [
        0.6137614299262691,
        0.34858261213978897,
        -0.7083693031524326
      ]
    ],
    "t": [
      0.719071351006863,
      -0.16961139371763617,
      1.6052029366983172
    ],
    "K": [
      [
        1048.732948682197,
        0.0,
        967.4466328789622
      ],
      [
        0.0,
        1028.8017927332803,
        535.3487496515896
      ],
      [
        0.0,
        0.0,
        1.0
      ]
    ],
    "dist": [
      -0.005434848258390273,
      -0.009572442807829061,
      0.0002336952082478446,
      0.0022696758385673125,
      0.0013163958614983962
    ]
  },
  "6_4": {
    "R": [
      [
        0.4255091110740521,
        -0.27864295671251216,
        0.860987862322971
      ],
      [
        0.10637706152256424,
        0.960220953406137,
        0.2581852850602335
      ],
      [
        -0.8986800972397211,
        -0.018270832337868956,
        0.4382239832675602
      ]
    ],
    "t": [
      -1.12310996666719,
      -0.030459460326951304,
      0.5835076079135489
    ],
    "K": [
      [
        1035.367102247477,
        0.0,
        966.2303865345692
      ],
      [
        0.0,
        1042.041686225416,
        543.8249343302285
      ],
      [
        0.0,
        0.0,
        1.0
      ]
    ],
    "dist": [
      0.015653633625918147,
      0.01331454043375434,
      0.0001833273845142267,
      0.0017879509686093656,
      -0.0014375639042855013
    ]
  }
}