{
  "6_1": {
    "R": [
      [
        1.0,
        0.0,
        0.0
      ],
      [
        0.0,
        1.0,
        4.835274757737513e-15
      ],
      [
        0.0,
        -4.835274757737513e-15,
        1.0
      ]
    ],
    "t": [
      -0.1688569601169276,
      0.0807141658249973,
      -0.09744225145469274
    ],
    "K": [
      [
        1044.2646878133385,
        0.0,
        977.7183618860247
      ],
      [
        0.0,
        1048.8933734350323,
        537.2256099673646
      ],
      [
        0.0,
        0.0,
        1.0
      ]
    ],
    "dist": [
      0.016362058608245834,
      0.009031468141890434,
      0.0015677447146767234,
      0.002720999569343919,
      0.0009869836653822678
    ]
  },
  "6_2": {
    "R": [
      [
        -0.9223596749952325,
        -0.1849423317299112,
        0.33918868477145936
      ],
      [
        -0.03368733156194566,
        0.9131290220254598,
        0.40627644877233965
      ],
      [
        -0.3848607457703689,
        0.36330665156191605,
        -0.8484636016329422
      ]
    ],
    "t": [
      -0.277775467642442,
      -0.19067129444472283,
      1.6639124513094117
    ],
    "K": [
      [
        1046.302577051242,
        0.0,
        956.9273158785124
      ],
      [
        0.0,
        1039.2657996312282,
        545.1981914950832
      ],
      [
        0.0,
        0.0,
        1.0
      ]
    ],
    "dist": [
      -0.00342238929038994,
      0.010693669133767717,
      -0.0012455482507751818,
      0.00129791738425852,
      -0.00021079006071667472
    ]
  },
  "6_3": {
    "R": [
      [
        -0.7682781922894019,
        0.08131603529468097,
        -0.6349301706931897
      ],
      [
        -0.16511212189146224,
        0.9331590774379804,
        0.31929942593057703
      ],
      [
        0.6184550157101386,
        0.35014545348904835,
        -0.7034995060011918
      ]
    ],
    "t": [
      0.6793874308408253,
      -0.19297861656933843,
      1.6926934240407605
    ],
    "K": [
      [
        1051.2651644106352,
        0.0,
        968.9047258919546
      ],
      [
        0.0,
        1027.8741566333697,
        542.0593475632207
      ],
      [
        0.0,
        0.0,
        1.0
      ]
    ],
    "dist": [
      -0.005434848258390133,
      -0.009572500190820005,
      0.00023369520820878975,
      0.0022696758385673125,
      0.0013163958614982028
    ]
  },
  "6_4": {
    "R": [
      [
        0.42349004256035516,
        -0.277343672053786,
        0.8624016879760561
      ],
      [
        0.10499963842070925,
        0.9605938442867483,
        0.2573607239846957
      ],
      [
        -0.8997951210046369,
        -0.01843783854274743,
        0.4359229132841295
      ]
    ],
    "t": [
      -1.1174698828102407,
      -0.021527169318415487,
      0.5445237858164669
    ],
    "K": [
      [
        1036.2221293618993,
        0.0,
        965.5423138153105
      ],
      [
        0.0,
        1043.6206247440844,
        542.6323281936727
      ],
      [
        0.0,
        0.0,
        1.0
      ]
    ],
    "dist": [
      0.015872369699904132,
      0.013314478195808546,
      0.00018332738451959949,
      0.0017879509680916001,
      -0.0014375639042855015
    ]
  }
}