{
  "6_1": {
    "R": [
      [
        1.0,
        0.0,
        0.0
      ],
      [
        0.0,
        1.0,
        -1.9677717906546466e-15
      ],
      [
        0.0,
        1.9677717906546466e-15,
        1.0
      ]
    ],
    "t": [
      0.18191834696619893,
      -0.04643731754276591,
      0.0633473506277013
    ],
    "K": [
      [
        1049.8560622737537,
        0.0,
        968.8125803467316
      ],
      [
        0.0,
        1049.1437683827744,
        536.0563860583492
      ],
      [
        0.0,
        0.0,
        1.0
      ]
    ],
    "dist": [
      -0.0009768417895561282,
      -0.0009348918614429214,
      0.0015677447146768284,
      0.00272099957062873,
      0.0009869836659843689
    ]
  },
  "6_2": {
    "R": [
      [
        -0.9157318964473232,
        -0.18768819195373782,
        0.35525798573730305
      ],
      [
        -0.0378383447834051,
        0.920543571853216,
        0.3888030246587278
      ],
      [
        -0.400004191844337,
        0.34259695696380604,
        -0.8500729213344576
      ]
    ],
    "t": [
      -0.5565335307957959,
      -0.24072131276181002,
      1.4136062359612156
    ],
    "K": [
      [
        1033.652937455968,
        0.0,
        968.3319979633167
      ],
      [
        0.0,
        1024.0862833162832,
        531.5443017215887
      ],
      [
        0.0,
        0.0,
        1.0
      ]
    ],
    "dist": [
      -0.00012280254509062014,
      -0.004509871172330789,
      -0.0012455482497239268,
      0.0012979173855869022,
      -0.00021079006244967955
    ]
  },
  "6_3": {
    "R": [
      [
        -0.7803449613464393,
        0.08382791175811505,
        -0.6197052706823608
      ],
      [
        -0.16644616119653188,
        0.9273854157384098,
        0.3350402454909489
      ],
      [
        0.6027913542214772,
        0.36459453079547266,
        -0.7097277022843809
      ]
    ],
    "t": [
      0.31665266343297377,
      -0.35326617931818255,
      1.8443361316681544
    ],
    "K": [
      [
        1040.016589556929,
        0.0,
        963.0553708750361
      ],
      [
        0.0,
        1035.9110153324766,
        551.9541968585145
      ],
      [
        0.0,
        0.0,
        1.0
      ]
    ],
    "dist": [
      0.007578862397351192,
      -0.007716278255166994,
      0.00023369520819812147,
      0.002269675840566461,
      0.0013163958615208203
    ]
  },
  "6_4": {
    "R": [
      [
        0.44775380772664675,
        -0.2651160141931483,
        0.8539496628517558
      ],
      [
        0.09898481223649012,
        0.9638599994513324,
        0.24733764049206974
      ],
      [
        -0.8886610909749542,
        -0.02621832328765357,
        0.45781444375553315
      ]
    ],
    "t": [
      -0.8300678520281564,
      -0.07008568524066114,
      0.3131586156393749
    ],
    "K": [
      [
        1035.223600730811,
        0.0,
        968.7095945286362
      ],
      [
        0.0,
        1035.3750827731556,
        545.9844761768214
      ],
      [
        0.0,
        0.0,
        1.0
      ]
    ],
    "dist": [
      -0.003851671065216441,
      -0.006631944232938118,
      0.0001833273845126847,
      0.001787950968396545,
      -0.0014375639061040147
    ]
  }
}