{
  "6_1": {
    "R": [
      [
        1.0,
        0.0,
        0.0
      ],
      [
        0.0,
        1.0,
        0.0
      ],
      [
        0.0,
        0.0,
        1.0
      ]
    ],
    "t": [
      0.003961971716968927,
      0.009641138165963683,
      -0.020149688332437635
    ],
    "K": [
      [
        1050.050051536231,
        0.0,
        963.7646774111239
      ],
      [
        0.0,
        1029.1929783115877,
        541.3465587663133
      ],
      [
        0.0,
        0.0,
        1.0
      ]
    ],
    "dist": [
      -0.0018149363553997728,
      -0.009939882091649881,
      0.0015677447127002988,
      0.0027209995712150804,
      0.0009869836649080339
    ]
  },
  "6_2": {
    "R": [
      [
        -0.9538644933563473,
        0.07923865394349461,
        0.2895924101824183
      ],
      [
        0.17983550591509573,
        0.9231632427218325,
        0.33974816864785673
      ],
      [
        -0.24041988088820876,
        0.37615271235036185,
        -0.8948225622240229
      ]
    ],
    "t": [
      -0.3204377936465812,
      -0.1216711125666377,
      1.4188716649287714
    ],
    "K": [
      [
        1035.130903599556,
        0.0,
        962.8410794015439
      ],
      [
        0.0,
        1035.7716686907968,
        534.7064935021957
      ],
      [
        0.0,
        0.0,
        1.0
      ]
    ],
    "dist": [
      0.004965957728487522,
      0.005230384597270727,
      -0.0012455482496089593,
      0.0012979173852146948,
      -0.00021079006160375376
    ]
  },
  "6_3": {
    "R": [
      [
        -0.7791898633774447,
        0.18342754388443794,
        -0.5993475560593882
      ],
      [
        0.019945696934994234,
        0.9629926131510572,
        0.2687887575593053
      ],
      [
        0.6264705308181833,
        0.1974830705681382,
        -0.7540126728745103
      ]
    ],
    "t": [
      0.9595454778091663,
      0.029940554022010072,
      1.7513916126832618
    ],
    "K": [
      [
        1041.2651135675355,
        0.0,
        967.993087032075
      ],
      [
        0.0,
        1038.1035718446403,
        542.4804768144035
      ],
      [
        0.0,
        0.0,
        1.0
      ]
    ],
    "dist": [
      0.004589135437165314,
      0.00043912458187760967,
      0.00023369520921902336,
      0.002269675839552817,
      0.0013163958624985385
    ]
  },
  "6_4": {
    "R": [
      [
        0.49963546912808626,
        -0.34046827916831335,
        0.7965210285167144
      ],
      [
        0.1547757420439023,
        0.9398110829192396,
        0.3046302645781035
      ],
      [
        -0.8522962323417349,
        -0.028921951910847066,
        0.5222591818568153
      ]
    ],
    "t": [
      -0.9914420771503819,
      -0.0712171598047573,
      0.4111512022109953
    ],
    "K": [
      [
        1041.5983137085327,
        0.0,
        965.0200595858377
      ],
      [
        0.0,
        1047.9189530626866,
        537.4313191754351
      ],
      [
        0.0,
        0.0,
        1.0
      ]
    ],
    "dist": [
      0.0028727720402310208,
      0.00048013557247788007,
      0.00018332738600556464,
      0.0017879509689302478,
      -0.0014375639054047568
    ]
  }
}