{
  "6_1": {
    "R": [
      [
        1.0,
        0.0,
        0.0
      ],
      [
        0.0,
        1.0,
        1.7125745924909308e-15
      ],
      [
        0.0,
        -1.7125745924909308e-15,
        1.0
      ]
    ],
    "t": [
      -0.17737259172229122,
      0.05694141486740177,
      -0.12582048691379033
    ],
    "K": [
      [
        1032.8656854759372,
        0.0,
        979.412613374783
      ],
      [
        0.0,
        1032.4685235793786,
        536.2151366557334
      ],
      [
        0.0,
        0.0,
        1.0
      ]
    ],
    "dist": [
      -0.0021475359503649346,
      -0.009960095948193796,
      0.0015677447146767982,
      0.002720999569343919,
      0.0009869836646033978
    ]
  },
  "6_2": {
    "R": [
      [
        -0.9501245549464145,
        -0.15361354850452452,
        0.271415194496782
      ],
      [
        -0.043468381293052236,
        0.9270144450607708,
        0.37249794425799554
      ],
      [
        -0.3088265369356068,
        0.34212146434346824,
        -0.8874565193404358
      ]
    ],
    "t": [
      -0.1744742053740936,
      -0.15945640842491457,
      1.526549341248352
    ],
    "K": [
      [
        1039.4813707772553,
        0.0,
        954.2536693115356
      ],
      [
        0.0,
        1022.643307913591,
        542.589937077446
      ],
      [
        0.0,
        0.0,
        1.0
      ]
    ],
    "dist": [
      0.01231100134109359,
      0.012460738053822912,
      -0.0012455482507751818,
      0.0012979173859492944,
      -0.00021079006067372012
    ]
  },
  "6_3": {
    "R": [
      [
        -0.7414593800719355,
        0.07102394815019761,
        -0.667228286639962
      ],
      [
        -0.17555562096789643,
        0.9392116332028342,
        0.2950622510641463
      ],
      [
        0.647625054834908,
        0.3359123499450758,
        -0.6839186219898238
      ]
    ],
    "t": [
      0.6703249356078954,
      -0.15843050465074954,
      1.4755128404798903
    ],
    "K": [
      [
        1050.5398978828428,
        0.0,
        960.1717334375961
      ],
      [
        0.0,
        1032.410410139516,
        532.5079770275249
      ],
      [
        0.0,
        0.0,
        1.0
      ]
    ],
    "dist": [
      -0.005434795817914747,
      -0.009488242387893345,
      0.0002336952101981214,
      0.002269675838567337,
      0.0013163958616228234
    ]
  },
  "6_4": {
    "R": [
      [
        0.3482655594681767,
        -0.26237266083732913,
        0.8999287121397214
      ],
      [
        0.07987383833296308,
        0.9648449916043452,
        0.2503883226629598
      ],
      [
        -0.9339867611686353,
        -0.015320868811874264,
        0.35697899229586577
      ]
    ],
    "t": [
      -1.0516798674302512,
      -0.034763692120260856,
      0.5584707227331008
    ],
    "K": [
      [
        1032.2835330999953,
        0.0,
        957.3357590905584
      ],
      [
        0.0,
        1048.8517161540778,
        539.1267566834277
      ],
      [
        0.0,
        0.0,
        1.0
      ]
    ],
    "dist": [
      -0.002780519053364775,
      0.013161381713294028,
      0.0001833273845222444,
      0.0017879509699009644,
      -0.001437563904286641
    ]
  }
}