{
  "6_1": {
    "R": [
      [
        1.0,
        0.0,
        0.0
      ],
      [
        0.0,
        1.0,
        0.0
      ],
      [
        0.0,
        0.0,
        1.0
      ]
    ],
    "t": [
      0.007505148304819238,
      0.13155444217690765,
      -0.03186286152079419
    ],
    "K": [
      [
        1043.3091814714037,
        0.0,
        969.1956749803479
      ],
      [
        0.0,
        1038.6368384316086,
        544.7692710554901
      ],
      [
        0.0,
        0.0,
        1.0
      ]
    ],
    "dist": [
      0.00684720239282204,
      0.00030910754935955284,
      0.001567744713612742,
      0.0027209995702964966,
      0.0009869836656215655
    ]
  },
  "6_2": {
    "R": [
      [
        0.008975247404278614,
        -0.1309974685851921,
        0.9913420742399183
      ],
      [
        0.4117928087564251,
        0.9039008829295451,
        0.11571463388735054
      ],
      [
        -0.9112333003081737,
        0.407188969722242,
        0.06205654958191637
      ]
    ],
    "t": [
      -17.05355676096526,
      6.517390848347468,
      44.65471284636526
    ],
    "K": [
      [
        1036.304398326841,
        0.0,
        964.253660177554
      ],
      [
        0.0,
        1032.6417482952668,
        535.9612305089047
      ],
      [
        0.0,
        0.0,
        1.0
      ]
    ],
    "dist": [
      0.00231238467077169,
      0.00247508764574228,
      -0.001245548249775182,
      0.0012979173851226065,
      -0.00021079006159791555
    ]
  },
  "6_3": {
    "R": [
      [
        -0.8259160854386471,
        0.13423317764725334,
        0.5475801985393759
      ],
      [
        0.3004076596823324,
        0.9266630669817008,
        0.2259442371388405
      ],
      [
        -0.47709313327471536,
        0.3511082657967334,
        -0.8056706075508311
      ]
    ],
    "t": [
      1.9541826656078918,
      2.464139269672212,
      65.21746299764233
    ],
    "K": [
      [
        1041.4893615759083,
        0.0,
        968.2518064042603
      ],
      [
        0.0,
        1037.8189510297466,
        542.131600967435
      ],
      [
        0.0,
        0.0,
        1.0
      ]
    ],
    "dist": [
      0.004565151742609711,
      0.0004274997918015897,
      0.00023369520919812144,
      0.002269675839567312,
      0.0013163958624982006
    ]
  },
  "6_4": {
    "R": [
      [
        0.513247420608661,
        -0.42842811903425154,
        0.743657469578118
      ],
      [
        0.3295924190118919,
        0.898440564861576,
        0.29012650472009927
      ],
      [
        -0.7924303897305085,
        0.09619718411671689,
        0.602328962610606
      ]
    ],
    "t": [
      -0.9424598992843799,
      -0.30492883882181615,
      -0.19268085011759437
    ],
    "K": [
      [
        1042.3500079544735,
        0.0,
        965.8914832201434
      ],
      [
        0.0,
        1039.413266100784,
        541.8515666786222
      ],
      [
        0.0,
        0.0,
        1.0
      ]
    ],
    "dist": [
      0.006104111831448757,
      0.003033091376023676,
      0.00018332738556390218,
      0.0017879509689107337,
      -0.001437563905331691
    ]
  }
}