{
  "6_1": {
    "R": [
      [
        1.0,
        0.0,
        0.0
      ],
      [
        0.0,
        1.0,
        0.0
      ],
      [
        0.0,
        0.0,
        1.0
      ]
    ],
    "t": [
      -0.26815330308243246,
      0.2280635326036022,
      0.2747540367046404
    ],
    "K": [
      [
        1032.844986773702,
        0.0,
        959.4126149023552
      ],
      [
        0.0,
        1049.1774743889996,
        535.6492377631312
      ],
      [
        0.0,
        0.0,
        1.0
      ]
    ],
    "dist": [
      -0.003634202499693641,
      -0.009960104902395728,
      0.0015677447126813886,
      0.002720999571343918,
      0.0009869836646033978
    ]
  },
  "6_2": {
    "R": [
      [
        -0.6851816094988827,
        0.18702921882885615,
        0.7039504480492845
      ],
      [
        0.3585514031246245,
        0.9278688832243962,
        0.10247061462329071
      ],
      [
        -0.634008717070896,
        0.32261340153220514,
        -0.7028182836480114
      ]
    ],
    "t": [
      -1.0140871590929394,
      0.4592620663393028,
      3.0604682446820264
    ],
    "K": [
      [
        1026.3043983268403,
        0.0,
        957.0468828148279
      ],
      [
        0.0,
        1042.6417482952675,
        543.0359781307507
      ],
      [
        0.0,
        0.0,
        1.0
      ]
    ],
    "dist": [
      -0.007662919818324462,
      -0.007524880150594771,
      -0.0012455482487753026,
      0.0012979173861226063,
      -0.0002107900625979144
    ]
  },
  "6_3": {
    "R": [
      [
        -0.9272290876823799,
        0.37118054897668895,
        0.049711357022970554
      ],
      [
        0.3688319736232444,
        0.8821306710878261,
        0.29293080131547233
      ],
      [
        0.06487830291309891,
        0.2899490975800859,
        -0.9548404718190415
      ]
    ],
    "t": [
      0.10619596510724585,
      -0.06529599731650164,
      3.534242718759725
    ],
    "K": [
      [
        1051.4602200011368,
        0.0,
        958.2632332013267
      ],
      [
        0.0,
        1027.8189510298564,
        551.9788521185509
      ],
      [
        0.0,
        0.0,
        1.0
      ]
    ],
    "dist": [
      0.014550508063897592,
      0.010304441840383653,
      0.00023369520819812147,
      0.002269675840567311,
      0.00131639586322013
    ]
  },
  "6_4": {
    "R": [
      [
        0.16954600199513153,
        -0.29978475130710147,
        0.9388201404375636
      ],
      [
        0.5198211089562775,
        0.8365243633893713,
        0.17324261640679856
      ],
      [
        -0.8372814149919565,
        0.4586459335257936,
        0.29766380325682984
      ]
    ],
    "t": [
      -0.5922834649172577,
      0.4020628404160914,
      0.892454872950826
    ],
    "K": [
      [
        1052.2835316322041,
        0.0,
        960.2108372798614
      ],
      [
        0.0,
        1028.8517161540765,
        530.9196121948022
      ],
      [
        0.0,
        0.0,
        1.0
      ]
    ],
    "dist": [
      -0.0038092497778046876,
      0.012114590627429441,
      0.0001833273865126846,
      0.00178795096927471,
      -0.0014375639042857689
    ]
  }
}