{
  "6_1": {
    "R": [
      [
        1.0,
        0.0,
        0.0
      ],
      [
        0.0,
        1.0,
        0.0
      ],
      [
        0.0,
        0.0,
        1.0
      ]
    ],
    "t": [
      -1.7319946236061945,
      -0.8062452511725652,
      -0.12678522237389317
    ],
    "K": [
      [
        1044.4745690211244,
        0.0,
        968.0611800674135
      ],
      [
        0.0,
        1039.607243070562,
        538.0738373653434
      ],
      [
        0.0,
        0.0,
        1.0
      ]
    ],
    "dist": [
      0.011818190003092173,
      0.0019413460714313216,
      0.0015677447135392902,
      0.0027209995705948045,
      0.0009869836657401903
    ]
  },
  "6_2": {
    "R": [
      [
        0.23813808461529276,
        -0.07985988758963866,
        0.9679424833170254
      ],
      [
        0.5394200372511342,
        0.8396438963536744,
        -0.06343619414817381
      ],
      [
        -0.8076609908047712,
        0.5372341441775551,
        0.24302921277505973
      ]
    ],
    "t": [
      -12.076826507386544,
      3.2974078630428725,
      25.521729299092282
    ],
    "K": [
      [
        1036.3040823111683,
        0.0,
        964.2948740831681
      ],
      [
        0.0,
        1035.0856694858585,
        538.6870426851848
      ],
      [
        0.0,
        0.0,
        1.0
      ]
    ],
    "dist": [
      0.0026514031953334943,
      0.002196012104389006,
      -0.0012455482497152367,
      0.0012979173850296885,
      -0.00021079006167242574
    ]
  },
  "6_3": {
    "R": [
      [
        -0.5652774042558312,
        0.3178986074728445,
        0.7611845581753587
      ],
      [
        0.5165402913855548,
        0.855863250362837,
        0.02615767676393399
      ],
      [
        -0.6431544010679828,
        0.4079688371005642,
        -0.648007595898148
      ]
    ],
    "t": [
      -2.5479666450443235,
      -0.4206935742000075,
      41.61729582967522
    ],
    "K": [
      [
        1040.7771793901836,
        0.0,
        962.6321490737005
      ],
      [
        0.0,
        1029.066049428376,
        540.8512762844111
      ],
      [
        0.0,
        0.0,
        1.0
      ]
    ],
    "dist": [
      0.006062702222128232,
      0.004113622628432436,
      0.00023369520957082865,
      0.002269675839170199,
      0.0013163958628279965
    ]
  },
  "6_4": {
    "R": [
      [
        0.6138033983319863,
        -0.46475581006374656,
        0.6381594042307107
      ],
      [
        0.5294309842614137,
        0.8419598602793577,
        0.10395396376452117
      ],
      [
        -0.5856178114607647,
        0.27405406526879933,
        0.762853949461854
      ]
    ],
    "t": [
      -0.09965857483090497,
      -0.0617551927641677,
      -0.3239033686290993
    ],
    "K": [
      [
        1039.995416455626,
        0.0,
        963.4862968204793
      ],
      [
        0.0,
        1032.7610823805123,
        541.8568431181304
      ],
      [
        0.0,
        0.0,
        1.0
      ]
    ],
    "dist": [
      0.0045883388205829765,
      0.0023116704801241475,
      0.0001833273856483753,
      0.0017879509687217052,
      -0.0014375639053528695
    ]
  }
}