{
  "6_1": {
    "R": [
      [
        1.0,
        0.0,
        0.0
      ],
      [
        0.0,
        1.0,
        -1.0971245925932364e-15
      ],
      [
        0.0,
        1.0971245925932364e-15,
        1.0
      ]
    ],
    "t": [
      -0.16899141159576742,
      0.0667628078527542,
      -0.06295433875295214
    ],
    "K": [
      [
        1048.352572609154,
        0.0,
        979.1419963940842
      ],
      [
        0.0,
        1048.8544914525903,
        535.6580306321899
      ],
      [
        0.0,
        0.0,
        1.0
      ]
    ],
    "dist": [
      0.01633945830773005,
      -0.004265208481571389,
      0.0015677447146768284,
      0.002720999569343919,
      0.000986983664615227
    ]
  },
  "6_2": {
    "R": [
      [
        -0.9214102291591713,
        -0.18149263807657004,
        0.34360385900750684
      ],
      [
        -0.03224506752090317,
        0.9168899171238748,
        0.3978355633891318
      ],
      [
        -0.3872511397290082,
        0.35549022799590796,
        -0.8506839910201682
      ]
    ],
    "t": [
      -0.25998155614142254,
      -0.1776801264959218,
      1.5956956799316375
    ],
    "K": [
      [
        1038.8809068389503,
        0.0,
        954.8629996903533
      ],
      [
        0.0,
        1022.9984579308423,
        545.5302277683805
      ],
      [
        0.0,
        0.0,
        1.0
      ]
    ],
    "dist": [
      -0.0037391645214194637,
      0.010518431229966228,
      -0.0012455482507751818,
      0.001297917384123523,
      -0.0002107900607048644
    ]
  },
  "6_3": {
    "R": [
      [
        -0.773049290372545,
        0.08014378523585994,
        -0.6292628769779551
      ],
      [
        -0.16176301762882686,
        0.9342848768466003,
        0.3177176341082583
      ],
      [
        0.6133738833551039,
        0.3474028534479842,
        -0.7092839605081155
      ]
    ],
    "t": [
      0.6536018753782252,
      -0.1882855331351397,
      1.6422862185393714
    ],
    "K": [
      [
        1045.8924760233065,
        0.0,
        959.2138252732551
      ],
      [
        0.0,
        1028.9366602856906,
        540.4112103707677
      ],
      [
        0.0,
        0.0,
        1.0
      ]
    ],
    "dist": [
      -0.005434848258390289,
      -0.009572500208989268,
      0.0002336952082109135,
      0.0022696758385673125,
      0.0013163958614982008
    ]
  },
  "6_4": {
    "R": [
      [
        0.4328349733403897,
        -0.2738897876201586,
        0.858858702052211
      ],
      [
        0.11167439713215228,
        0.96168025072659,
        0.2503995295275401
      ],
      [
        -0.8945293258907695,
        -0.01246914591411541,
        0.4468353225983573
      ]
    ],
    "t": [
      -1.0638739579035226,
      -0.024508911579439293,
      0.5552260439222692
    ],
    "K": [
      [
        1032.2949209721983,
        0.0,
        961.7803435974961
      ],
      [
        0.0,
        1048.8402288837738,
        549.3990575256776
      ],
      [
        0.0,
        0.0,
        1.0
      ]
    ],
    "dist": [
      0.014981460641289537,
      0.013314603035298111,
      0.00018332738451268466,
      0.0017879509698863708,
      -0.001437563904285501
    ]
  }
}