{
  "6_1": {
    "R": [
      [
        1.0,
        0.0,
        0.0
      ],
      [
        0.0,
        1.0,
        1.8746388570888124e-15
      ],
      [
        0.0,
        -1.8746388570888124e-15,
        1.0
      ]
    ],
    "t": [
      -0.21576052808232404,
      0.07019917273130111,
      -0.09748830438331064
    ],
    "K": [
      [
        1049.3191922493927,
        0.0,
        978.3928553556923
      ],
      [
        0.0,
        1037.0534810731276,
        541.5430685060666
      ],
      [
        0.0,
        0.0,
        1.0
      ]
    ],
    "dist": [
      0.016335246208421597,
      0.006078350873136035,
      0.0015677447137504503,
      0.0027209995693439244,
      0.0009869836647126813
    ]
  },
  "6_2": {
    "R": [
      [
        -0.9200528335081,
        -0.19387669371468164,
        0.34046234914888907
      ],
      [
        -0.03509158439825284,
        0.9062677255104251,
        0.42124504792647716
      ],
      [
        -0.39021963592076814,
        0.37562033668642497,
        -0.8406176291331511
      ]
    ],
    "t": [
      -0.21642731663486642,
      -0.20079873783725397,
      1.6116021233289086
    ],
    "K": [
      [
        1044.163848552773,
        0.0,
        954.5444318333645
      ],
      [
        0.0,
        1024.3867463238691,
        545.9589300732279
      ],
      [
        0.0,
        0.0,
        1.0
      ]
    ],
    "dist": [
      -0.007685321805954164,
      0.007838717130365528,
      -0.0012455482507751818,
      0.001297917384172855,
      -0.0002107900607352908
    ]
  },
  "6_3": {
    "R": [
      [
        -0.7678654197044623,
        0.09457352128021207,
        -0.6335917820606191
      ],
      [
        -0.15907586042452582,
        0.9299147326913542,
        0.33159231075789847
      ],
      [
        0.6205461851081565,
        0.3554074267600878,
        -0.6990050022363832
      ]
    ],
    "t": [
      0.702566254880816,
      -0.18621271321962696,
      1.599060145860523
    ],
    "K": [
      [
        1051.0976985910029,
        0.0,
        961.8913281036386
      ],
      [
        0.0,
        1028.3220519941692,
        532.7005466808474
      ],
      [
        0.0,
        0.0,
        1.0
      ]
    ],
    "dist": [
      -0.005434847610113304,
      -0.009572485750841884,
      0.00023369521019801637,
      0.002269675838567324,
      0.0013163958614982308
    ]
  },
  "6_4": {
    "R": [
      [
        0.4344794436519389,
        -0.2937671823797476,
        0.851427304941864
      ],
      [
        0.10936794276620511,
        0.9555267541779329,
        0.27387456096774004
      ],
      [
        -0.8940169272105477,
        -0.02587401412321666,
        0.4472854449388688
      ]
    ],
    "t": [
      -1.0960245763309142,
      -0.04220546840483655,
      0.5750556321304969
    ],
    "K": [
      [
        1035.3004025744217,
        0.0,
        968.4422328950959
      ],
      [
        0.0,
        1048.2231800980057,
        538.8512236531858
      ],
      [
        0.0,
        0.0,
        1.0
      ]
    ],
    "dist": [
      0.016111724060168073,
      0.013314603308018546,
      0.0001833273846092952,
      0.0017879509679377644,
      -0.001437563904285501
    ]
  }
}