{
  "6_1": {
    "R": [
      [
        1.0,
        0.0,
        0.0
      ],
      [
        0.0,
        1.0,
        -3.8108451014502394e-16
      ],
      [
        0.0,
        3.8108451014502394e-16,
        1.0
      ]
    ],
    "t": [
      -0.010378323519807692,
      0.009901780150169275,
      -0.00013293852408132113
    ],
    "K": [
      [
        1048.2767521587205,
        0.0,
        972.6675244498731
      ],
      [
        0.0,
        1049.177436615273,
        535.6142086020052
      ],
      [
        0.0,
        0.0,
        1.0
      ]
    ],
    "dist": [
      -0.0025555024728287964,
      0.003027441195881261,
      0.0015677447146768284,
      0.0027209995693439192,
      0.0009869836665984785
    ]
  },
  "6_2": {
    "R": [
      [
        -0.9124980729135004,
        -0.1713645725116608,
        0.37145854441248755
      ],
      [
        -0.015531671377175565,
        0.9218899040731864,
        0.3871405067312934
      ],
      [
        -0.4087860493135494,
        0.3474955942970025,
        -0.8438843391311356
      ]
    ],
    "t": [
      -0.4184929696944617,
      -0.1880572900927712,
      1.514639344779338
    ],
    "K": [
      [
        1046.234929061514,
        0.0,
        965.3868552840391
      ],
      [
        0.0,
        1022.8591667318346,
        528.7654792460046
      ],
      [
        0.0,
        0.0,
        1.0
      ]
    ],
    "dist": [
      0.012312383235806535,
      0.012475080308074453,
      -0.0012455482507751667,
      0.0012979173860678023,
      -0.0002107900605979204
    ]
  },
  "6_3": {
    "R": [
      [
        -0.8005127270182663,
        0.09016839462748431,
        -0.592493910932493
      ],
      [
        -0.15356373907952847,
        0.9247523791637666,
        0.34821145195249964
      ],
      [
        0.5793078213883299,
        0.36973327932613226,
        -0.7264294530352216
      ]
    ],
    "t": [
      0.4570456719470132,
      -0.2869307106380884,
      1.7381149326325314
    ],
    "K": [
      [
        1051.2233202823022,
        0.0,
        969.5735620118463
      ],
      [
        0.0,
        1027.8199515428016,
        552.1272176965686
      ],
      [
        0.0,
        0.0,
        1.0
      ]
    ],
    "dist": [
      -0.005434848258390289,
      -0.00957250020919841,
      0.00023369520819812147,
      0.0022696758385673125,
      0.0013163958614982008
    ]
  },
  "6_4": {
    "R": [
      [
        0.4382384735315823,
        -0.2794502128548748,
        0.8543152924137983
      ],
      [
        0.11391645918154851,
        0.960047753603875,
        0.2555999826441545
      ],
      [
        -0.8916109469069159,
        -0.01469317309224405,
        0.4525638408227442
      ]
    ],
    "t": [
      -0.9683665309054773,
      -0.0523049684505825,
      0.4680330679342875
    ],
    "K": [
      [
        1032.3736168719213,
        0.0,
        967.4616309958903
      ],
      [
        0.0,
        1048.8502005080077,
        549.3816515527544
      ],
      [
        0.0,
        0.0,
        1.0
      ]
    ],
    "dist": [
      0.016091069981649574,
      0.013314554093783487,
      0.00018332738451268466,
      0.0017879509680097734,
      -0.0014375639042855022
    ]
  }
}