{
  "6_1": {
    "R": [
      [
        1.0,
        0.0,
        0.0
      ],
      [
        0.0,
        1.0,
        2.8414338280427026e-15
      ],
      [
        0.0,
        -2.8414338280427026e-15,
        1.0
      ]
    ],
    "t": [
      -0.2218141684443019,
      0.058326288439306005,
      -0.1058558045180353
    ],
    "K": [
      [
        1050.0489409753466,
        0.0,
        978.843827002811
      ],
      [
        0.0,
        1048.8208730278182,
        536.0733447502214
      ],
      [
        0.0,
        0.0,
        1.0
      ]
    ],
    "dist": [
      0.016303454589849616,
      -0.006254099967885233,
      0.0015677447146768284,
      0.002720999569343919,
      0.0009869836646136762
    ]
  },
  "6_2": {
    "R": [
      [
        -0.918430857948917,
        -0.18295769362423386,
        0.35072958459604914
      ],
      [
        -0.031947168671558335,
        0.9180265954020579,
        0.39522974147750756
      ],
      [
        -0.39428940840591603,
        0.35178637335492036,
        -0.8489889339330079
      ]
    ],
    "t": [
      -0.22462595089105764,
      -0.19263056984392127,
      1.6336071154649021
    ],
    "K": [
      [
        1043.603862155216,
        0.0,
        955.8205499956164
      ],
      [
        0.0,
        1024.8403256543475,
        541.315272261
      ],
      [
        0.0,
        0.0,
        1.0
      ]
    ],
    "dist": [
      0.00876672207936532,
      0.004065830517068431,
      -0.0012455482507671989,
      0.0012979173847041943,
      -0.00021079006199283703
    ]
  },
  "6_3": {
    "R": [
      [
        -0.7764584967442476,
        0.08219761823490129,
        -0.6247845663828234
      ],
      [
        -0.16142715727931706,
        0.9324304045043508,
        0.32328750926778965
      ],
      [
        0.6091415892273174,
        0.3518765299254299,
        -0.7107245823532884
      ]
    ],
    "t": [
      0.7064661323242284,
      -0.20513258320343636,
      1.616525296078809
    ],
    "K": [
      [
        1048.9429656255154,
        0.0,
        962.3428967469753
      ],
      [
        0.0,
        1031.1090596974216,
        543.4064706556599
      ],
      [
        0.0,
        0.0,
        1.0
      ]
    ],
    "dist": [
      -0.005434848258381276,
      -0.0095725001211465,
      0.00023369520819812437,
      0.0022696758385673125,
      0.0013163958614982021
    ]
  },
  "6_4": {
    "R": [
      [
        0.4310694622658752,
        -0.2782447274889478,
        0.858346660928095
      ],
      [
        0.11456722260119047,
        0.9604464295640011,
        0.2538050579543505
      ],
      [
        -0.895015905002396,
        -0.011069216881203534,
        0.4458968515591677
      ]
    ],
    "t": [
      -1.1110634621050068,
      -0.052192569769027385,
      0.5782400938800718
    ],
    "K": [
      [
        1033.2029068015402,
        0.0,
        964.8238919550065
      ],
      [
        0.0,
        1048.1117975804025,
        549.7495089121909
      ],
      [
        0.0,
        0.0,
        1.0
      ]
    ],
    "dist": [
      0.016044888676487942,
      0.01331460330413719,
      0.00018332738451268466,
      0.0017879509681854062,
      -0.001437563904285501
    ]
  }
}