{
  "6_1": {
    "R": [
      [
        1.0,
        0.0,
        0.0
      ],
      [
        0.0,
        1.0,
        0.0
      ],
      [
        0.0,
        0.0,
        1.0
      ]
    ],
    "t": [
      -0.23246202562745288,
      0.14406259117479833,
      0.10296434721820856
    ],
    "K": [
      [
        1047.7216525338943,
        0.0,
        964.5631362510321
      ],
      [
        0.0,
        1045.1882316325982,
        537.9159406630828
      ],
      [
        0.0,
        0.0,
        1.0
      ]
    ],
    "dist": [
      0.016337351256489278,
      -0.0038351076395020094,
      0.0015677447146707417,
      0.002720999570500703,
      0.0009869836650774097
    ]
  },
  "6_2": {
    "R": [
      [
        0.4751754491436293,
        -0.027750192703916612,
        0.879453363934692
      ],
      [
        0.0933463351775841,
        0.9954519063820174,
        -0.019025345971137426
      ],
      [
        -0.8749255706859096,
        0.09113412579984978,
        0.47560468550533946
      ]
    ],
    "t": [
      -2.631394100431656,
      1.0937597517504476,
      3.0544810965794893
    ],
    "K": [
      [
        1026.3138764568564,
        0.0,
        962.7201236938789
      ],
      [
        0.0,
        1040.1206308038377,
        544.7336162908779
      ],
      [
        0.0,
        0.0,
        1.0
      ]
    ],
    "dist": [
      -0.0007972250100711463,
      9.72940999989984e-06,
      -0.0012455482504823328,
      0.0012979173857899451,
      -0.00021079006159477784
    ]
  },
  "6_3": {
    "R": [
      [
        -0.6261611995896369,
        0.06641591117999279,
        0.7768597549561942
      ],
      [
        0.16513108092712597,
        0.9850594913499452,
        0.048882763968764356
      ],
      [
        -0.7620064817574099,
        0.15889218119063714,
        -0.6277733639747515
      ]
    ],
    "t": [
      -3.225908404319249,
      0.30028290298099863,
      8.20292541315879
    ],
    "K": [
      [
        1037.5581879171325,
        0.0,
        964.506438968402
      ],
      [
        0.0,
        1045.007069290479,
        550.826488305284
      ],
      [
        0.0,
        0.0,
        1.0
      ]
    ],
    "dist": [
      0.000396229962028426,
      -0.007400785961610851,
      0.0002336952099344517,
      0.002269675839768627,
      0.0013163958622688862
    ]
  },
  "6_4": {
    "R": [
      [
        0.6095505724595228,
        -0.5577751220239822,
        0.5633249620471292
      ],
      [
        0.40213803146876254,
        0.8299418422849048,
        0.38662842894847604
      ],
      [
        -0.6831786759411453,
        -0.009135188879821537,
        0.7301941146458478
      ]
    ],
    "t": [
      0.9365066472774813,
      -0.22091092022069977,
      0.6019359188169767
    ],
    "K": [
      [
        1038.6844087444306,
        0.0,
        974.5515365877325
      ],
      [
        0.0,
        1030.074917816643,
        547.6264522410188
      ],
      [
        0.0,
        0.0,
        1.0
      ]
    ],
    "dist": [
      -0.003731224947326319,
      -0.006270046651476459,
      0.00018332738630718524,
      0.0017879509679241973,
      -0.0014375639062384996
    ]
  }
}