{
  "6_1": {
    "R": [
      [
        1.0,
        0.0,
        0.0
      ],
      [
        0.0,
        1.0,
        6.019899792681291e-16
      ],
      [
        0.0,
        -6.019899792681291e-16,
        1.0
      ]
    ],
    "t": [
      -0.02474306872171847,
      0.022078351504242213,
      -0.006089846106039229
    ],
    "K": [
      [
        1048.7686235703475,
        0.0,
        978.0768196825139
      ],
      [
        0.0,
        1048.2992392688077,
        535.607932027488
      ],
      [
        0.0,
        0.0,
        1.0
      ]
    ],
    "dist": [
      -0.0035019166878008036,
      -0.009959936795829107,
      0.0015677447146768284,
      0.0027209995693439253,
      0.0009869836646033995
    ]
  },
  "6_2": {
    "R": [
      [
        -0.9181241665644995,
        -0.16967090980177757,
        0.35813376989231327
      ],
      [
        -0.022289964450166413,
        0.9243891290651831,
        0.38079902251834
      ],
      [
        -0.3956654802419004,
        0.34163799617892326,
        -0.8524859572519635
      ]
    ],
    "t": [
      -0.41330764336083053,
      -0.20017439103481227,
      1.6079862632254585
    ],
    "K": [
      [
        1043.6571176010887,
        0.0,
        955.6217458215453
      ],
      [
        0.0,
        1022.6422407462558,
        544.9349303114077
      ],
      [
        0.0,
        0.0,
        1.0
      ]
    ],
    "dist": [
      0.012311978330770823,
      0.012443365809506533,
      -0.0012455482507751818,
      0.001297917386118783,
      -0.00021079006064630854
    ]
  },
  "6_3": {
    "R": [
      [
        -0.7946886275005365,
        0.07499504787849325,
        -0.6023667720874183
      ],
      [
        -0.16275646282739326,
        0.9296785836541746,
        0.3304664353647465
      ],
      [
        0.5847908336569826,
        0.36065700310470794,
        -0.7265990689385046
      ]
    ],
    "t": [
      0.5052782005555696,
      -0.2772396546499999,
      1.8254543970745365
    ],
    "K": [
      [
        1035.8090625276259,
        0.0,
        968.3080714819864
      ],
      [
        0.0,
        1027.8695069752516,
        552.1060663103226
      ],
      [
        0.0,
        0.0,
        1.0
      ]
    ],
    "dist": [
      -0.0054348480615083695,
      -0.009031597757732858,
      0.00023369520819812147,
      0.0022696758385673125,
      0.0013163958634424971
    ]
  },
  "6_4": {
    "R": [
      [
        0.43730478567146425,
        -0.2631265943143238,
        0.8599586733055141
      ],
      [
        0.1017058384617137,
        0.9645745054342921,
        0.2434172259495833
      ],
      [
        -0.8935437576591504,
        -0.018984699911664654,
        0.4485745582594152
      ]
    ],
    "t": [
      -1.0168709886818357,
      -0.03904558860240571,
      0.4933336218939086
    ],
    "K": [
      [
        1032.283531634863,
        0.0,
        957.2014449780895
      ],
      [
        0.0,
        1048.8517161540776,
        549.4800096006118
      ],
      [
        0.0,
        0.0,
        1.0
      ]
    ],
    "dist": [
      -0.0038867134970528676,
      0.01281179442834405,
      0.00018332738451268466,
      0.0017879509699010683,
      -0.0014375639042855056
    ]
  }
}