{
  "6_1": {
    "R": [
      [
        1.0,
        0.0,
        0.0
      ],
      [
        0.0,
        1.0,
        -1.904390741802427e-15
      ],
      [
        0.0,
        1.904390741802427e-15,
        1.0
      ]
    ],
    "t": [
      -0.0580257245602371,
      0.028120614937151754,
      -0.04895644704635615
    ],
    "K": [
      [
        1051.689268198172,
        0.0,
        965.5414058029046
      ],
      [
        0.0,
        1030.7269696448507,
        544.6542864570957
      ],
      [
        0.0,
        0.0,
        1.0
      ]
    ],
    "dist": [
      0.016323738545682996,
      -0.004795431952368044,
      0.0015677447144434888,
      0.002720999569354745,
      0.0009869836646448546
    ]
  },
  "6_2": {
    "R": [
      [
        -0.9174158810786928,
        -0.19641309593764963,
        0.3460780213893878
      ],
      [
        -0.0457815745548201,
        0.9160184747562463,
        0.3985149951212909
      ],
      [
        -0.39528742526911653,
        0.3497599886342471,
        -0.8493619968980741
      ]
    ],
    "t": [
      -0.3352919060970232,
      -0.18759878449579565,
      1.48810590240332
    ],
    "K": [
      [
        1046.2560636457176,
        0.0,
        964.656848450806
      ],
      [
        0.0,
        1022.8570488483435,
        529.617499703823
      ],
      [
        0.0,
        0.0,
        1.0
      ]
    ],
    "dist": [
      -0.007684732047573454,
      0.002641635932299418,
      -0.001245548248777272,
      0.0012979173841328113,
      -0.00021079006095358168
    ]
  },
  "6_3": {
    "R": [
      [
        -0.7791244654806454,
        0.09548359762428077,
        -0.6195546383283906
      ],
      [
        -0.16709222925643608,
        0.9209418308235765,
        0.352060124355818
      ],
      [
        0.6041897501709318,
        0.37782142187023204,
        -0.7015737444947203
      ]
    ],
    "t": [
      0.5334031887395887,
      -0.25151570948210034,
      1.6246490924099846
    ],
    "K": [
      [
        1049.515362991272,
        0.0,
        965.1807429574523
      ],
      [
        0.0,
        1036.339070023181,
        541.0250290109215
      ],
      [
        0.0,
        0.0,
        1.0
      ]
    ],
    "dist": [
      -0.0054348482455107,
      -0.008261414025541668,
      0.0002336952100616963,
      0.0022696758385674317,
      0.0013163958626180043
    ]
  },
  "6_4": {
    "R": [
      [
        0.42836102958394945,
        -0.29347147059789497,
        0.854623498552952
      ],
      [
        0.10627021719516237,
        0.9555885724884783,
        0.27487655605148553
      ],
      [
        -0.8973368761346386,
        -0.026925379747392758,
        0.44052418169084306
      ]
    ],
    "t": [
      -0.9700591614069363,
      -0.05162373282606434,
      0.471801893650861
    ],
    "K": [
      [
        1042.1246006586416,
        0.0,
        967.8523076447268
      ],
      [
        0.0,
        1047.0895399616916,
        539.9154112220833
      ],
      [
        0.0,
        0.0,
        1.0
      ]
    ],
    "dist": [
      0.015253138135248394,
      0.01331446001529371,
      0.00018332738498757717,
      0.0017879509680688878,
      -0.001437563904285501
    ]
  }
}