{
  "6_1": {
    "R": [
      [
        1.0,
        0.0,
        0.0
      ],
      [
        0.0,
        1.0,
        -1.3665942680286019e-15
      ],
      [
        0.0,
        1.3665942680286019e-15,
        1.0
      ]
    ],
    "t": [
      0.08791847145733168,
      -0.04032462428438793,
      0.013481779083223965
    ],
    "K": [
      [
        1042.1970758120506,
        0.0,
        965.5858600490924
      ],
      [
        0.0,
        1049.1771076709674,
        535.6604902142119
      ],
      [
        0.0,
        0.0,
        1.0
      ]
    ],
    "dist": [
      -0.0036341991437757143,
      -0.009960104499236712,
      0.0015677447146768284,
      0.002720999571342078,
      0.0009869836646033987
    ]
  },
  "6_2": {
    "R": [
      [
        -0.9211423963697682,
        -0.17558553447891018,
        0.34737070356021127
      ],
      [
        -0.032812032018861764,
        0.9243194521317147,
        0.3802064188907396
      ],
      [
        -0.3878402456746256,
        0.3388263131645516,
        -0.8571911533271697
      ]
    ],
    "t": [
      -0.44904880185760593,
      -0.2362886051319494,
      1.415884485253246
    ],
    "K": [
      [
        1038.0183877300185,
        0.0,
        954.3309305935147
      ],
      [
        0.0,
        1022.641885908537,
        544.4406314584778
      ],
      [
        0.0,
        0.0,
        1.0
      ]
    ],
    "dist": [
      0.010657563650764717,
      -0.004420243121906351,
      -0.0012455482507751818,
      0.0012979173861226063,
      -0.00021079006254314306
    ]
  },
  "6_3": {
    "R": [
      [
        -0.7825253547107653,
        0.08156391967153578,
        -0.6172531054945014
      ],
      [
        -0.16784184106737457,
        0.9270463356993695,
        0.33528228085224876
      ],
      [
        0.5995691666704559,
        0.36596778338289193,
        -0.7117474242341223
      ]
    ],
    "t": [
      0.3940976767542187,
      -0.3283470025451839,
      1.7190683670568683
    ],
    "K": [
      [
        1039.4331838957632,
        0.0,
        959.295893740782
      ],
      [
        0.0,
        1047.8185360968043,
        552.1306903847486
      ],
      [
        0.0,
        0.0,
        1.0
      ]
    ],
    "dist": [
      -0.005430445827021456,
      -0.009491471255917877,
      0.00023369520819812147,
      0.002269675840545578,
      0.0013163958615064017
    ]
  },
  "6_4": {
    "R": [
      [
        0.42286751756649266,
        -0.25705789113434935,
        0.8689673775192676
      ],
      [
        0.0799022747564937,
        0.9657643467468222,
        0.24680934553096148
      ],
      [
        -0.9026620015686325,
        -0.03493518510391411,
        0.4289298821087958
      ]
    ],
    "t": [
      -0.8755273731241352,
      -0.07321046373731477,
      0.3918021634049948
    ],
    "K": [
      [
        1033.846330555905,
        0.0,
        957.8797288031656
      ],
      [
        0.0,
        1048.8077881087959,
        532.2208197401699
      ],
      [
        0.0,
        0.0,
        1.0
      ]
    ],
    "dist": [
      0.008150176529421342,
      0.013309425245118092,
      0.00018332738451347442,
      0.0017879509699010462,
      -0.0014375639042855043
    ]
  }
}