{
  "6_1": {
    "R": [
      [
        1.0,
        0.0,
        0.0
      ],
      [
        0.0,
        1.0,
        2.553216135360916e-16
      ],
      [
        0.0,
        -2.553216135360916e-16,
        1.0
      ]
    ],
    "t": [
      -0.11797623592332888,
      0.1318961970992803,
      0.025527084454519667
    ],
    "K": [
      [
        1032.8749010562467,
        0.0,
        976.0043539157961
      ],
      [
        0.0,
        1049.1774743889994,
        535.6073445831828
      ],
      [
        0.0,
        0.0,
        1.0
      ]
    ],
    "dist": [
      -0.003630770981036264,
      -0.009955984983675885,
      0.0015677447146768284,
      0.002720999569343919,
      0.0009869836646286528
    ]
  },
  "6_2": {
    "R": [
      [
        -0.9271586292085933,
        -0.152157103550219,
        0.342381500848469
      ],
      [
        -0.012809842791852169,
        0.9261630612454944,
        0.3769056803923531
      ],
      [
        -0.37444997557976994,
        0.345065500772799,
        -0.8606491828641489
      ]
    ],
    "t": [
      -0.3958610596590989,
      -0.11309181960828554,
      1.9387082920613496
    ],
    "K": [
      [
        1043.902827941617,
        0.0,
        954.3243952762896
      ],
      [
        0.0,
        1022.9277415667295,
        545.961186403961
      ],
      [
        0.0,
        0.0,
        1.0
      ]
    ],
    "dist": [
      0.012312384648246076,
      0.012475087360981662,
      -0.0012455482507751818,
      0.0012979173860737199,
      -0.00021079006059791908
    ]
  },
  "6_3": {
    "R": [
      [
        -0.7879412520029613,
        0.07894418555964097,
        -0.6106688128260119
      ],
      [
        -0.15964578560496068,
        0.9316426984492902,
        0.326427795331066
      ],
      [
        0.5946947170864904,
        0.3546966281097839,
        -0.7214766077129382
      ]
    ],
    "t": [
      0.6606845017692845,
      -0.1922077294904097,
      2.1137611256010014
    ],
    "K": [
      [
        1046.7113231114333,
        0.0,
        965.4318831397627
      ],
      [
        0.0,
        1034.647903415959,
        552.1290284204474
      ],
      [
        0.0,
        0.0,
        1.0
      ]
    ],
    "dist": [
      -0.005433678791946152,
      0.003523250437896988,
      0.00023369520819812147,
      0.0022696758385673164,
      0.0013163958634936077
    ]
  },
  "6_4": {
    "R": [
      [
        0.4134398907579253,
        -0.24466272223548097,
        0.8770448158893586
      ],
      [
        0.09279701490725599,
        0.9695296291262656,
        0.22671791343118236
      ],
      [
        -0.9057903569559446,
        -0.012347088507436363,
        0.4235461942350707
      ]
    ],
    "t": [
      -1.2373949392029837,
      0.06964044856155273,
      0.6609457522406965
    ],
    "K": [
      [
        1037.4798256188824,
        0.0,
        956.9445700511628
      ],
      [
        0.0,
        1028.8591264021027,
        550.9171328543244
      ],
      [
        0.0,
        0.0,
        1.0
      ]
    ],
    "dist": [
      -0.003886906366237183,
      -0.006685396690944275,
      0.00018332738451268466,
      0.001787950969901068,
      -0.001437563906285499
    ]
  }
}