{
  "6_1": {
    "R": [
      [
        1.0,
        0.0,
        0.0
      ],
      [
        0.0,
        1.0,
        -1.4685484051873877e-15
      ],
      [
        0.0,
        1.4685484051873877e-15,
        1.0
      ]
    ],
    "t": [
      -0.10803948228618492,
      0.06768352858382025,
      0.019198663710256712
    ],
    "K": [
      [
        1034.0567918116649,
        0.0,
        978.4930130412107
      ],
      [
        0.0,
        1049.177464815292,
        535.624162599946
      ],
      [
        0.0,
        0.0,
        1.0
      ]
    ],
    "dist": [
      -0.0035052309556460066,
      -0.008925116142953942,
      0.0015677447146768284,
      0.002720999569344243,
      0.000986983665563924
    ]
  },
  "6_2": {
    "R": [
      [
        -0.9231656310474976,
        -0.17111324612318188,
        0.3442171911073921
      ],
      [
        -0.025131394123983825,
        0.9204110494774673,
        0.3901434518599182
      ],
      [
        -0.38358001861679464,
        0.35151636804133984,
        -0.8539921617421116
      ]
    ],
    "t": [
      -0.35684462710338744,
      -0.1710570018307882,
      1.7594208684051411
    ],
    "K": [
      [
        1037.249707632894,
        0.0,
        955.7599640017005
      ],
      [
        0.0,
        1031.6415362413404,
        545.5862630873191
      ],
      [
        0.0,
        0.0,
        1.0
      ]
    ],
    "dist": [
      0.012259458966235447,
      0.007507006983332715,
      -0.0012455482507751818,
      0.0012979173861226055,
      -0.00021079006240266637
    ]
  },
  "6_3": {
    "R": [
      [
        -0.7844623443056999,
        0.08451667301001058,
        -0.6143905617355497
      ],
      [
        -0.16254532960037182,
        0.9280193358368678,
        0.3352001314707466
      ],
      [
        0.5984963209506905,
        0.3628181973057833,
        -0.7142584332804688
      ]
    ],
    "t": [
      0.5987727981936429,
      -0.23874806611745567,
      1.9249554116683234
    ],
    "K": [
      [
        1048.7278579451986,
        0.0,
        972.0674673591227
      ],
      [
        0.0,
        1042.6301786459994,
        552.1315481393108
      ],
      [
        0.0,
        0.0,
        1.0
      ]
    ],
    "dist": [
      -0.00536104349418002,
      -0.0044079581522516054,
      0.00023369520819812147,
      0.0022696758385685944,
      0.0013163958631573676
    ]
  },
  "6_4": {
    "R": [
      [
        0.42957654753033037,
        -0.2649462615722904,
        0.8632887513982732
      ],
      [
        0.10251249419469353,
        0.9641186058701989,
        0.2448805879380546
      ],
      [
        -0.8971929437673398,
        -0.01669707440756721,
        0.4413230442208104
      ]
    ],
    "t": [
      -1.10733774050233,
      -4.2333525735594845e-05,
      0.6018781421813886
    ],
    "K": [
      [
        1033.4676014877584,
        0.0,
        955.8156725834069
      ],
      [
        0.0,
        1041.975176406794,
        549.0795963133276
      ],
      [
        0.0,
        0.0,
        1.0
      ]
    ],
    "dist": [
      -0.0036601598976172744,
      0.012697451337846138,
      0.00018332738451268466,
      0.0017879509698875275,
      -0.0014375639042894653
    ]
  }
}