{
  "6_1": {
    "R": [
      [
        1.0,
        0.0,
        0.0
      ],
      [
        0.0,
        1.0,
        -1.6649680699671442e-15
      ],
      [
        0.0,
        1.6649680699671442e-15,
        1.0
      ]
    ],
    "t": [
      -0.11178128628137396,
      0.022817845543440504,
      -0.06056172645452276
    ],
    "K": [
      [
        1049.1356222529862,
        0.0,
        976.9868528024849
      ],
      [
        0.0,
        1041.6422151793138,
        539.7285096918488
      ],
      [
        0.0,
        0.0,
        1.0
      ]
    ],
    "dist": [
      0.016362917667253354,
      -0.00989254302234709,
      0.0015677447146768262,
      0.0027209995693439227,
      0.0009869836646033978
    ]
  },
  "6_2": {
    "R": [
      [
        -0.91865150072463,
        -0.18431076456212175,
        0.3494409281737205
      ],
      [
        -0.0385857077844277,
        0.9221359022475767,
        0.3849370350340725
      ],
      [
        -0.3931800648191105,
        0.34013955937610985,
        -0.8542332917747153
      ]
    ],
    "t": [
      -0.2850420693911639,
      -0.1864239436426519,
      1.4753099253702513
    ],
    "K": [
      [
        1044.4440015460116,
        0.0,
        958.0355678889155
      ],
      [
        0.0,
        1027.122033444133,
        534.8184715594768
      ],
      [
        0.0,
        0.0,
        1.0
      ]
    ],
    "dist": [
      -0.007059174705121512,
      0.00870337910380539,
      -0.0012455482489179455,
      0.0012979173841230016,
      -0.00021079006083752757
    ]
  },
  "6_3": {
    "R": [
      [
        -0.7786661845060275,
        0.0845545642048324,
        -0.6217149658637436
      ],
      [
        -0.16634653817256392,
        0.9275997026370177,
        0.3344960700900981
      ],
      [
        0.6049857868948897,
        0.363880910930825,
        -0.7082251621591287
      ]
    ],
    "t": [
      0.5652574324612069,
      -0.23738234610798833,
      1.559784934159344
    ],
    "K": [
      [
        1045.9741492056369,
        0.0,
        963.3944841454677
      ],
      [
        0.0,
        1036.5674192063389,
        545.7769737855019
      ],
      [
        0.0,
        0.0,
        1.0
      ]
    ],
    "dist": [
      -0.005434238731488099,
      -0.008856054425908763,
      0.00023369520819812358,
      0.002269675838571055,
      0.0013163958615722245
    ]
  },
  "6_4": {
    "R": [
      [
        0.4250280962870241,
        -0.2763317389979861,
        0.861969771737372
      ],
      [
        0.09684082854779985,
        0.9606793339604547,
        0.2602250395858805
      ],
      [
        -0.8999849839262897,
        -0.027129086303197242,
        0.4350759030141176
      ]
    ],
    "t": [
      -0.9699083542521406,
      -0.0531954545368993,
      0.4741416671861057
    ],
    "K": [
      [
        1035.7947678182782,
        0.0,
        962.8901380757623
      ],
      [
        0.0,
        1033.3494884456782,
        536.3955187372497
      ],
      [
        0.0,
        0.0,
        1.0
      ]
    ],
    "dist": [
      -0.0034402087409330156,
      0.013270141607917441,
      0.00018332738650106602,
      0.0017879509698969756,
      -0.001437563904285506
    ]
  }
}