{
  "6_1": {
    "R": [
      [
        1.0,
        0.0,
        0.0
      ],
      [
        0.0,
        1.0,
        4.2861087406012515e-16
      ],
      [
        0.0,
        -4.2861087406012515e-16,
        1.0
      ]
    ],
    "t": [
      -0.30096669872640525,
      0.08564789071021302,
      -0.1345714964626535
    ],
    "K": [
      [
        1032.8447035811537,
        0.0,
        979.4126138697571
      ],
      [
        0.0,
        1048.0620909257004,
        542.5490924296047
      ],
      [
        0.0,
        0.0,
        1.0
      ]
    ],
    "dist": [
      0.016339941906167665,
      -0.009807733013494049,
      0.0015677447126768876,
      0.002720999569343919,
      0.0009869836646035136
    ]
  },
  "6_2": {
    "R": [
      [
        -0.9415546752879609,
        -0.163834522341188,
        0.29433491592506883
      ],
      [
        -0.045412473510002806,
        0.9275179058779771,
        0.37100975933987973
      ],
      [
        -0.3337851115509585,
        0.33595949691140886,
        -0.8807489515985512
      ]
    ],
    "t": [
      -0.10084302012735977,
      -0.1350715114128442,
      1.6570647913136416
    ],
    "K": [
      [
        1031.1801664314112,
        0.0,
        954.2536608069446
      ],
      [
        0.0,
        1022.6752355184021,
        536.3475918400574
      ],
      [
        0.0,
        0.0,
        1.0
      ]
    ],
    "dist": [
      -0.0019223563442659023,
      0.0048850424422633605,
      -0.0012455482507751818,
      0.0012979173841226543,
      -0.00021079006239979503
    ]
  },
  "6_3": {
    "R": [
      [
        -0.7465855419173613,
        0.08224299544826036,
        -0.6601864269277713
      ],
      [
        -0.16590517472745747,
        0.93796417211343,
        0.30446458715295666
      ],
      [
        0.6442712950292073,
        0.33683720330638356,
        -0.6866259512064209
      ]
    ],
    "t": [
      0.7996187945472313,
      -0.1337448377336725,
      1.513161454277507
    ],
    "K": [
      [
        1049.7146972832388,
        0.0,
        958.2789380560895
      ],
      [
        0.0,
        1045.613007206622,
        532.169335662582
      ],
      [
        0.0,
        0.0,
        1.0
      ]
    ],
    "dist": [
      -0.005334455131655575,
      -0.007032135354064571,
      0.0002336952101981214,
      0.002269675838567344,
      0.0013163958621577859
    ]
  },
  "6_4": {
    "R": [
      [
        0.37669428210575895,
        -0.26794307279647345,
        0.8867400563689513
      ],
      [
        0.09587448541923706,
        0.9633898644972767,
        0.250375821575318
      ],
      [
        -0.9213628497364236,
        -0.00929939375995556,
        0.3885923576207771
      ]
    ],
    "t": [
      -1.1544299991466835,
      -0.028720082034525814,
      0.66384898714935
    ],
    "K": [
      [
        1032.2837347955326,
        0.0,
        957.807292260738
      ],
      [
        0.0,
        1048.8516198391908,
        547.6353142227223
      ],
      [
        0.0,
        0.0,
        1.0
      ]
    ],
    "dist": [
      0.007097262108412564,
      0.01328635856094958,
      0.00018332738451268537,
      0.001787950969899336,
      -0.0014375639042863448
    ]
  }
}