{
  "6_1": {
    "R": [
      [
        1.0,
        0.0,
        0.0
      ],
      [
        0.0,
        1.0,
        -3.7960553576382495e-15
      ],
      [
        0.0,
        3.7960553576382495e-15,
        1.0
      ]
    ],
    "t": [
      -0.2405229775034808,
      0.10685859726715526,
      -0.11865071795166086
    ],
    "K": [
      [
        1049.2382800435682,
        0.0,
        979.2611500252856
      ],
      [
        0.0,
        1048.5485467303047,
        535.8672161372469
      ],
      [
        0.0,
        0.0,
        1.0
      ]
    ],
    "dist": [
      0.015904127193839164,
      -0.003712977365487321,
      0.0015677447146768284,
      0.0027209995693439192,
      0.000986983664769926
    ]
  },
  "6_2": {
    "R": [
      [
        -0.9204497783079755,
        -0.18022291355874437,
        0.3468312371185679
      ],
      [
        -0.027383062843257464,
        0.9149055031099251,
        0.40273823787728197
      ],
      [
        -0.3899004661219593,
        0.3612030202082664,
        -0.8470596228780508
      ]
    ],
    "t": [
      -0.22038669020642704,
      -0.1637665308381615,
      1.6723945786947612
    ],
    "K": [
      [
        1045.207095405467,
        0.0,
        954.2664463915216
      ],
      [
        0.0,
        1030.4635394810352,
        545.9607848184218
      ],
      [
        0.0,
        0.0,
        1.0
      ]
    ],
    "dist": [
      -0.00014473333691787676,
      0.01225840639106593,
      -0.0012455482507751818,
      0.0012979173861085147,
      -0.00021079006060913374
    ]
  },
  "6_3": {
    "R": [
      [
        -0.7777181129099082,
        0.07612706958033302,
        -0.6239865432274662
      ],
      [
        -0.15523972685409174,
        0.9386352793192356,
        0.3080007136737961
      ],
      [
        0.6091429750543943,
        0.3364052343445504,
        -0.7181757126549672
      ]
    ],
    "t": [
      0.7258793218246823,
      -0.13840370731004992,
      1.6419072507083472
    ],
    "K": [
      [
        1049.3762642041138,
        0.0,
        969.670726337622
      ],
      [
        0.0,
        1031.8941586405176,
        532.4654180354285
      ],
      [
        0.0,
        0.0,
        1.0
      ]
    ],
    "dist": [
      -0.005434848241567205,
      -0.009572496767298213,
      0.0002336952101980922,
      0.0022696758385673125,
      0.0013163958614982184
    ]
  },
  "6_4": {
    "R": [
      [
        0.4287863968111918,
        -0.27259293466018586,
        0.8612986229427185
      ],
      [
        0.1083825834003216,
        0.962026603959246,
        0.25051552624560586
      ],
      [
        -0.8968809517015889,
        -0.014067880010441555,
        0.4420482476233384
      ]
    ],
    "t": [
      -1.1441300501318103,
      -0.007140429990714239,
      0.5878497432232568
    ],
    "K": [
      [
        1032.2958557618442,
        0.0,
        960.4065319784305
      ],
      [
        0.0,
        1046.1504490869993,
        548.2028206981404
      ],
      [
        0.0,
        0.0,
        1.0
      ]
    ],
    "dist": [
      0.016075216052033908,
      0.013314471924444835,
      0.00018332738451268477,
      0.0017879509693690362,
      -0.0014375639042855022
    ]
  }
}