{
  "6_1": {
    "R": [
      [
        1.0,
        0.0,
        0.0
      ],
      [
        0.0,
        1.0,
        3.7754379767709786e-15
      ],
      [
        0.0,
        -3.7754379767709786e-15,
        1.0
      ]
    ],
    "t": [
      -0.21689069433106486,
      0.08333106299702138,
      -0.103568942899352
    ],
    "K": [
      [
        1045.609340170068,
        0.0,
        979.2004808513657
      ],
      [
        0.0,
        1049.0602445474656,
        535.7263384617963
      ],
      [
        0.0,
        0.0,
        1.0
      ]
    ],
    "dist": [
      0.016301439916740768,
      -0.007916903337361553,
      0.0015677447146768284,
      0.002720999569343919,
      0.0009869836646094754
    ]
  },
  "6_2": {
    "R": [
      [
        -0.9197146226610289,
        -0.1797133063206532,
        0.349038880921281
      ],
      [
        -0.0313863055665886,
        0.9198857373278986,
        0.3909285485655774
      ],
      [
        -0.39133095033023113,
        0.3485876615601983,
        -0.8516729005443526
      ]
    ],
    "t": [
      -0.23861320474350378,
      -0.17119936393791754,
      1.6646254294893084
    ],
    "K": [
      [
        1040.7217347944047,
        0.0,
        954.4799405624807
      ],
      [
        0.0,
        1025.224655241593,
        545.5016283525216
      ],
      [
        0.0,
        0.0,
        1.0
      ]
    ],
    "dist": [
      0.0021944928709456656,
      0.010010688521045004,
      -0.0012455482507751818,
      0.0012979173841910106,
      -0.00021079006083586896
    ]
  },
  "6_3": {
    "R": [
      [
        -0.776794851314558,
        0.08014177974633581,
        -0.6246335358514491
      ],
      [
        -0.1579156167352448,
        0.935390752019586,
        0.3163965850437708
      ],
      [
        0.6096330182678108,
        0.34441462828300806,
        -0.7139510815611644
      ]
    ],
    "t": [
      0.7123836415305707,
      -0.17440256680660943,
      1.6588247387459687
    ],
    "K": [
      [
        1044.0244536995733,
        0.0,
        960.7973115762534
      ],
      [
        0.0,
        1032.313962453032,
        537.6603228689607
      ],
      [
        0.0,
        0.0,
        1.0
      ]
    ],
    "dist": [
      -0.005434848258200362,
      -0.009572499002202285,
      0.0002336952082956626,
      0.0022696758385673125,
      0.0013163958614982093
    ]
  },
  "6_4": {
    "R": [
      [
        0.4351127335539095,
        -0.27175124563663616,
        0.8583869579590437
      ],
      [
        0.11159044740286733,
        0.9622907610845377,
        0.24808075939050417
      ],
      [
        -0.8934340944623014,
        -0.012155312677096006,
        0.44902980661204395
      ]
    ],
    "t": [
      -1.125226879862688,
      -0.022918168217582253,
      0.5780500116707102
    ],
    "K": [
      [
        1032.5606092453472,
        0.0,
        962.1569856095465
      ],
      [
        0.0,
        1048.5432699854541,
        550.4589675632914
      ],
      [
        0.0,
        0.0,
        1.0
      ]
    ],
    "dist": [
      0.012947199089517135,
      0.01331458269353959,
      0.00018332738451268466,
      0.0017879509698728686,
      -0.001437563904285501
    ]
  }
}