{
  "6_1": {
    "R": [
      [
        1.0,
        0.0,
        0.0
      ],
      [
        0.0,
        1.0,
        3.7850163631966884e-15
      ],
      [
        0.0,
        -3.7850163631966884e-15,
        1.0
      ]
    ],
    "t": [
      -0.2003773187154852,
      0.0712956087811193,
      -0.10499827692635355
    ],
    "K": [
      [
        1051.6744137013388,
        0.0,
        978.8994519826454
      ],
      [
        0.0,
        1045.2595220058122,
        536.6990691303781
      ],
      [
        0.0,
        0.0,
        1.0
      ]
    ],
    "dist": [
      0.016358263784372176,
      0.0012193148392575393,
      0.0015677447146768193,
      0.002720999569343919,
      0.0009869836646722234
    ]
  },
  "6_2": {
    "R": [
      [
        -0.9188742828375254,
        -0.18847007502705598,
        0.3466252777267107
      ],
      [
        -0.031403219742679206,
        0.9106806233225515,
        0.4119158167570686
      ],
      [
        -0.393298728868549,
        0.3676137009472658,
        -0.8427195718305336
      ]
    ],
    "t": [
      -0.2567289201386025,
      -0.20700049629475706,
      1.6745057419886256
    ],
    "K": [
      [
        1045.0047112720633,
        0.0,
        955.2859916841609
      ],
      [
        0.0,
        1024.8982509745001,
        545.354561220433
      ],
      [
        0.0,
        0.0,
        1.0
      ]
    ],
    "dist": [
      -0.007250159824177708,
      0.012168316993716415,
      -0.0012455482507751818,
      0.001297917384123425,
      -0.00021079006060288936
    ]
  },
  "6_3": {
    "R": [
      [
        -0.7745418161180728,
        0.08546234512172023,
        -0.626722556360319
      ],
      [
        -0.1573150890287262,
        0.9336682942052056,
        0.32173821526176344
      ],
      [
        0.6126474825284124,
        0.3477926163135682,
        -0.7097206198141363
      ]
    ],
    "t": [
      0.7049882250671302,
      -0.193680140768512,
      1.6935873224768072
    ],
    "K": [
      [
        1050.791026206384,
        0.0,
        966.6328342759826
      ],
      [
        0.0,
        1029.082780108276,
        532.3100268991317
      ],
      [
        0.0,
        0.0,
        1.0
      ]
    ],
    "dist": [
      -0.0054348482555286095,
      -0.009572500195688508,
      0.00023369520839590615,
      0.002269675838567317,
      0.0013163958614982008
    ]
  },
  "6_4": {
    "R": [
      [
        0.436316698412267,
        -0.28705612097166033,
        0.8527757748079634
      ],
      [
        0.11765626935338137,
        0.9578103701636435,
        0.2622142198448221
      ],
      [
        -0.8920676773476681,
        -0.014074026420596908,
        0.45168261070341076
      ]
    ],
    "t": [
      -1.1352006293219172,
      -0.04405406553290041,
      0.5666727558541768
    ],
    "K": [
      [
        1032.4805899330393,
        0.0,
        967.7778298061365
      ],
      [
        0.0,
        1048.5850976451468,
        547.3590869406252
      ],
      [
        0.0,
        0.0,
        1.0
      ]
    ],
    "dist": [
      0.015424101298656774,
      0.01331460329614439,
      0.00018332738451269306,
      0.0017879509697430658,
      -0.001437563904285501
    ]
  }
}