{
  "6_1": {
    "R": [
      [
        1.0,
        0.0,
        0.0
      ],
      [
        0.0,
        1.0,
        0.0
      ],
      [
        0.0,
        0.0,
        1.0
      ]
    ],
    "t": [
      0.16273457887899676,
      -0.04433575440705914,
      0.0629492991756036
    ],
    "K": [
      [
        1052.0437110855703,
        0.0,
        965.8589380139399
      ],
      [
        0.0,
        1049.0575313579125,
        535.8152042141031
      ],
      [
        0.0,
        0.0,
        1.0
      ]
    ],
    "dist": [
      -0.0014102838770123716,
      -0.006375765683024029,
      0.0015677447146768284,
      0.002720999571118091,
      0.0009869836650672535
    ]
  },
  "6_2": {
    "R": [
      [
        -0.9139695384002428,
        -0.18923653510058475,
        0.35895573077967763
      ],
      [
        -0.033662386155927426,
        0.9169101097255029,
        0.39767159119235057
      ],
      [
        -0.4043841325209688,
        0.35137641421457405,
        -0.8443980630596992
      ]
    ],
    "t": [
      -0.5242903690805173,
      -0.2423331403420674,
      1.375375382081444
    ],
    "K": [
      [
        1035.1037126066917,
        0.0,
        964.185815660955
      ],
      [
        0.0,
        1023.7396280157907,
        537.0066862661869
      ],
      [
        0.0,
        0.0,
        1.0
      ]
    ],
    "dist": [
      0.005377765268275198,
      -0.005640368672254628,
      -0.0012455482506960132,
      0.0012979173860442333,
      -0.00021079006250415233
    ]
  },
  "6_3": {
    "R": [
      [
        -0.7870435096493952,
        0.08695782996718923,
        -0.6107379550397698
      ],
      [
        -0.16449062417070306,
        0.9245908422025606,
        0.34361986129310507
      ],
      [
        0.5945631576869652,
        0.37090444904659425,
        -0.7133894737089603
      ]
    ],
    "t": [
      0.31318703242736284,
      -0.34571395945999905,
      1.7891736638190632
    ],
    "K": [
      [
        1037.8550132550629,
        0.0,
        962.0715464719694
      ],
      [
        0.0,
        1042.870088465358,
        551.9499147920803
      ],
      [
        0.0,
        0.0,
        1.0
      ]
    ],
    "dist": [
      0.0025602043373269814,
      0.007137215332058376,
      0.00023369520819812147,
      0.0022696758405542534,
      0.001316395862263711
    ]
  },
  "6_4": {
    "R": [
      [
        0.4497030016025757,
        -0.2697402550512231,
        0.8514736667416878
      ],
      [
        0.10391583996774631,
        0.9626345688621502,
        0.25007235959893637
      ],
      [
        -0.8871125681408372,
        -0.023976689439601018,
        0.46092994024047235
      ]
    ],
    "t": [
      -0.8108288168580272,
      -0.06996801344755688,
      0.32011315447669336
    ],
    "K": [
      [
        1034.415631972275,
        0.0,
        966.9870156881404
      ],
      [
        0.0,
        1037.641650070224,
        547.1894738284244
      ],
      [
        0.0,
        0.0,
        1.0
      ]
    ],
    "dist": [
      -0.0038712021235887757,
      -0.006655260897825344,
      0.00018332738451268466,
      0.001787950968124433,
      -0.0014375639062086368
    ]
  }
}