{
  "6_1": {
    "R": [
      [
        1.0,
        0.0,
        0.0
      ],
      [
        0.0,
        1.0,
        -4.4418326710992084e-15
      ],
      [
        0.0,
        4.4418326710992084e-15,
        1.0
      ]
    ],
    "t": [
      -0.19714996179224445,
      0.14182483450658223,
      -0.08540586835069389
    ],
    "K": [
      [
        1044.5822123784035,
        0.0,
        976.0565927278437
      ],
      [
        0.0,
        1049.1774737473825,
        535.6074435752732
      ],
      [
        0.0,
        0.0,
        1.0
      ]
    ],
    "dist": [
      -0.0018865150468917278,
      -0.009959683629718564,
      0.0015677447146768284,
      0.002720999569343919,
      0.000986983664603408
    ]
  },
  "6_2": {
    "R": [
      [
        -0.9266097441004545,
        -0.15930185051234724,
        0.3406131274061996
      ],
      [
        -0.01643712707095607,
        0.922121009175098,
        0.3865522801530887
      ],
      [
        -0.3756650143302453,
        0.35258440813688924,
        -0.8570647771009003
      ]
    ],
    "t": [
      -0.3128962403523131,
      -0.1372418434847804,
      1.8931769105085747
    ],
    "K": [
      [
        1046.2756829007876,
        0.0,
        954.2892061276648
      ],
      [
        0.0,
        1023.1892134489389,
        545.9612238472531
      ],
      [
        0.0,
        0.0,
        1.0
      ]
    ],
    "dist": [
      0.012177086472019236,
      0.012465210396287047,
      -0.0012455482507751818,
      0.0012979173841226746,
      -0.00021079006059896658
    ]
  },
  "6_3": {
    "R": [
      [
        -0.7855828311763784,
        0.0735963642068572,
        -0.6143640537469925
      ],
      [
        -0.1641432024777629,
        0.9325397089113175,
        0.32160021825853713
      ],
      [
        0.5965874826387578,
        0.3534872932357346,
        -0.7205068417993155
      ]
    ],
    "t": [
      0.7433403766328903,
      -0.17387714681636937,
      1.9490337074379418
    ],
    "K": [
      [
        1045.8747891434311,
        0.0,
        967.4727195139965
      ],
      [
        0.0,
        1035.509328364113,
        550.734228490187
      ],
      [
        0.0,
        0.0,
        1.0
      ]
    ],
    "dist": [
      -0.004888539006889657,
      0.007998400236876754,
      0.00023369520819812152,
      0.002269675838567711,
      0.0013163958633405314
    ]
  },
  "6_4": {
    "R": [
      [
        0.4084424300098887,
        -0.2587914381372737,
        0.8753295224739417
      ],
      [
        0.10054532911364902,
        0.9658868592369041,
        0.23864872081554722
      ],
      [
        -0.9072295289291707,
        -0.009463968528617889,
        0.4205294462206472
      ]
    ],
    "t": [
      -1.269813565166102,
      0.039961516386045275,
      0.6375772528674083
    ],
    "K": [
      [
        1035.9324181071368,
        0.0,
        959.6122667119375
      ],
      [
        0.0,
        1028.8843713811214,
        550.5288648373978
      ],
      [
        0.0,
        0.0,
        1.0
      ]
    ],
    "dist": [
      -0.003846953900834365,
      -0.006268891945186487,
      0.00018332738451268466,
      0.0017879509698967148,
      -0.001437563906045083
    ]
  }
}