{
  "6_1": {
    "R": [
      [
        1.0,
        0.0,
        0.0
      ],
      [
        0.0,
        1.0,
        0.0
      ],
      [
        0.0,
        0.0,
        1.0
      ]
    ],
    "t": [
      0.04217209821418218,
      0.004883404123580743,
      0.00833856584145371
    ],
    "K": [
      [
        1041.0957517504578,
        0.0,
        978.7838499745745
      ],
      [
        0.0,
        1049.1774743887415,
        535.6073957703125
      ],
      [
        0.0,
        0.0,
        1.0
      ]
    ],
    "dist": [
      -0.003633611759566804,
      -0.0099600829041233,
      0.0015677447146768284,
      0.002720999569343919,
      0.0009869836646036075
    ]
  },
  "6_2": {
    "R": [
      [
        -0.9150838215212056,
        -0.16928137995968084,
        0.36601286041489384
      ],
      [
        -0.01683922971713564,
        0.9228753413460332,
        0.3847304831670825
      ],
      [
        -0.4029119505955115,
        0.3458972661562814,
        -0.8473588621905896
      ]
    ],
    "t": [
      -0.44689970531624446,
      -0.1934770297593803,
      1.4421575817838437
    ],
    "K": [
      [
        1046.3023192785472,
        0.0,
        962.3957282044769
      ],
      [
        0.0,
        1022.6417523545753,
        545.4620085128776
      ],
      [
        0.0,
        0.0,
        1.0
      ]
    ],
    "dist": [
      0.012312384564124403,
      0.0124750858799868,
      -0.0012455482507751818,
      0.0012979173861226055,
      -0.00021079006059791626
    ]
  },
  "6_3": {
    "R": [
      [
        -0.796219866698999,
        0.08611087413802157,
        -0.598847928299843
      ],
      [
        -0.1574233576567847,
        0.9262368884132223,
        0.3424954204170559
      ],
      [
        0.5841676217815329,
        0.36697430958825666,
        -0.7239323488865035
      ]
    ],
    "t": [
      0.4065802933213567,
      -0.2853185540260326,
      1.7231255840010118
    ],
    "K": [
      [
        1050.9439449941888,
        0.0,
        961.1885106116583
      ],
      [
        0.0,
        1047.7910485098278,
        552.1311869937681
      ],
      [
        0.0,
        0.0,
        1.0
      ]
    ],
    "dist": [
      -0.005434848258390289,
      -0.00957250020919841,
      0.00023369520819812147,
      0.0022696758385673125,
      0.0013163958614982008
    ]
  },
  "6_4": {
    "R": [
      [
        0.4110629945250709,
        -0.2683190012612727,
        0.8712244992504714
      ],
      [
        0.11033608556029582,
        0.9633199390622709,
        0.2446234723576085
      ],
      [
        -0.9049050573155797,
        -0.004428156186913626,
        0.4255904471172628
      ]
    ],
    "t": [
      -0.915893656718875,
      -0.03753769467264302,
      0.4125732430396479
    ],
    "K": [
      [
        1032.4245860533647,
        0.0,
        960.5186090984469
      ],
      [
        0.0,
        1037.7299651670612,
        550.9001594405631
      ],
      [
        0.0,
        0.0,
        1.0
      ]
    ],
    "dist": [
      0.01590121657160833,
      0.013313433611638593,
      0.00018332738451268466,
      0.0017879509679177555,
      -0.0014375639042855154
    ]
  }
}