{
  "6_1": {
    "R": [
      [
        1.0,
        0.0,
        0.0
      ],
      [
        0.0,
        1.0,
        -8.670793734434211e-16
      ],
      [
        0.0,
        8.670793734434211e-16,
        1.0
      ]
    ],
    "t": [
      0.12616725050457822,
      -0.03368563636930876,
      0.05283403650193204
    ],
    "K": [
      [
        1042.2413759431508,
        0.0,
        970.2137516888657
      ],
      [
        0.0,
        1049.1774741157083,
        535.6084320340332
      ],
      [
        0.0,
        0.0,
        1.0
      ]
    ],
    "dist": [
      0.0003976581720053883,
      0.007395189343272186,
      0.0015677447146768284,
      0.0027209995693439197,
      0.0009869836666010514
    ]
  },
  "6_2": {
    "R": [
      [
        -0.918760366109768,
        -0.16650207488698435,
        0.3579894533700318
      ],
      [
        -0.02187358808947587,
        0.9267991030623116,
        0.3749199497319201
      ],
      [
        -0.3942092538360015,
        0.336631076434162,
        -0.8551482810418555
      ]
    ],
    "t": [
      -0.5084966268737288,
      -0.20917354999942653,
      1.4273013063564928
    ],
    "K": [
      [
        1045.371788641248,
        0.0,
        963.9238047964723
      ],
      [
        0.0,
        1022.6513547685327,
        534.9242559300758
      ],
      [
        0.0,
        0.0,
        1.0
      ]
    ],
    "dist": [
      0.012312379851012183,
      0.0124744705713118,
      -0.0012455482507751808,
      0.0012979173861225734,
      -0.00021079006060187896
    ]
  },
  "6_3": {
    "R": [
      [
        -0.7865894992616858,
        0.08880509810394815,
        -0.6110569647766062
      ],
      [
        -0.15895138851396204,
        0.9271323980023769,
        0.3393522840115341
      ],
      [
        0.5966669219428322,
        0.3640592961663108,
        -0.7151569150432348
      ]
    ],
    "t": [
      0.34192140023391354,
      -0.32702228801410954,
      1.767378251210608
    ],
    "K": [
      [
        1051.4892523480435,
        0.0,
        963.0699319807937
      ],
      [
        0.0,
        1027.818981209875,
        552.1311827658019
      ],
      [
        0.0,
        0.0,
        1.0
      ]
    ],
    "dist": [
      -0.005434848258390289,
      -0.00957250020919841,
      0.00023369520819812147,
      0.0022696758385673125,
      0.0013163958614982008
    ]
  },
  "6_4": {
    "R": [
      [
        0.43122209516102106,
        -0.26958619325608674,
        0.8610289130166484
      ],
      [
        0.10851138767430664,
        0.9628866425389908,
        0.24713274239765537
      ],
      [
        -0.8956968144355184,
        -0.013137656780469478,
        0.44447116732627656
      ]
    ],
    "t": [
      -0.8666734891385895,
      -0.061793077692338806,
      0.37750991525474614
    ],
    "K": [
      [
        1032.2844134836857,
        0.0,
        968.4437844785344
      ],
      [
        0.0,
        1048.851716057459,
        549.7831714630175
      ],
      [
        0.0,
        0.0,
        1.0
      ]
    ],
    "dist": [
      0.01610443930927244,
      0.013314599498814146,
      0.00018332738451268466,
      0.001787950967935353,
      -0.0014375639042855015
    ]
  }
}