{
  "6_1": {
    "R": [
      [
        1.0,
        0.0,
        0.0
      ],
      [
        0.0,
        1.0,
        2.993406009553896e-16
      ],
      [
        0.0,
        -2.993406009553896e-16,
        1.0
      ]
    ],
    "t": [
      -0.03462184368495244,
      0.02711068853534877,
      -0.022775616932977097
    ],
    "K": [
      [
        1033.0927725216568,
        0.0,
        979.1773683150457
      ],
      [
        0.0,
        1049.1774403618726,
        535.6372507609394
      ],
      [
        0.0,
        0.0,
        1.0
      ]
    ],
    "dist": [
      -0.0036322979100471713,
      -0.009687114860808055,
      0.0015677447146768284,
      0.002720999569343919,
      0.0009869836665157472
    ]
  },
  "6_2": {
    "R": [
      [
        -0.9201554388545441,
        -0.16021605544605222,
        0.35727410194934195
      ],
      [
        -0.014610537513879904,
        0.925867109570492,
        0.3775667194141151
      ],
      [
        -0.39128059054846664,
        0.342200103730097,
        -0.8542824992162452
      ]
    ],
    "t": [
      -0.4079518970932994,
      -0.17112466936590096,
      1.5675538357846899
    ],
    "K": [
      [
        1046.3013285984741,
        0.0,
        968.7259497293772
      ],
      [
        0.0,
        1022.6444931549657,
        533.316575981166
      ],
      [
        0.0,
        0.0,
        1.0
      ]
    ],
    "dist": [
      0.012312384671766485,
      0.01247508764396725,
      -0.0012455482507751818,
      0.0012979173860971204,
      -0.00021079006059791574
    ]
  },
  "6_3": {
    "R": [
      [
        -0.7942383642285283,
        0.07771120713663254,
        -0.602616286763774
      ],
      [
        -0.15739727061396935,
        0.9316190322521417,
        0.32758522242136734
      ],
      [
        0.5868658449687326,
        0.35503090996552855,
        -0.7276960443606826
      ]
    ],
    "t": [
      0.4869250600672367,
      -0.2566225804336945,
      1.759750477263435
    ],
    "K": [
      [
        1049.8703203855082,
        0.0,
        977.3485692015652
      ],
      [
        0.0,
        1027.8201340748083,
        552.1214659051443
      ],
      [
        0.0,
        0.0,
        1.0
      ]
    ],
    "dist": [
      -0.005434848258390288,
      -0.009572500209198405,
      0.00023369520819812147,
      0.0022696758385673125,
      0.0013163958614982008
    ]
  },
  "6_4": {
    "R": [
      [
        0.4080414995714396,
        -0.26270315509448106,
        0.8743507230687786
      ],
      [
        0.10212588757845686,
        0.9648294883127949,
        0.24222791244689926
      ],
      [
        -0.907233397596122,
        -0.009545196984627607,
        0.4205192641255825
      ]
    ],
    "t": [
      -1.021333423284564,
      -0.032354068378265766,
      0.5033807624102152
    ],
    "K": [
      [
        1032.2835378477234,
        0.0,
        960.7842411375176
      ],
      [
        0.0,
        1048.8517161515974,
        550.047850561933
      ],
      [
        0.0,
        0.0,
        1.0
      ]
    ],
    "dist": [
      0.015880179561226504,
      0.013314540095103057,
      0.00018332738451268466,
      0.001787950969881656,
      -0.001437563904285504
    ]
  }
}