{
  "6_1": {
    "R": [
      [
        1.0,
        0.0,
        0.0
      ],
      [
        0.0,
        1.0,
        9.18365824819198e-16
      ],
      [
        0.0,
        -9.18365824819198e-16,
        1.0
      ]
    ],
    "t": [
      -0.11306035346817976,
      0.06579543826081709,
      -0.0732988599073134
    ],
    "K": [
      [
        1032.8894326827542,
        0.0,
        979.0139763651739
      ],
      [
        0.0,
        1049.177474170872,
        535.6250262190956
      ],
      [
        0.0,
        0.0,
        1.0
      ]
    ],
    "dist": [
      -0.0036307162580953393,
      -0.009881245271644322,
      0.0015677447146768284,
      0.002720999569343919,
      0.0009869836666005507
    ]
  },
  "6_2": {
    "R": [
      [
        -0.9214901983112829,
        -0.15907863503455827,
        0.35433007534186867
      ],
      [
        -0.012792785686924144,
        0.9242135677173261,
        0.3816616641497789
      ],
      [
        -0.3881908796592225,
        0.3471646138689138,
        -0.8536888026831833
      ]
    ],
    "t": [
      -0.32906492655120134,
      -0.14983083555817647,
      1.5797096558356667
    ],
    "K": [
      [
        1046.2873756298316,
        0.0,
        959.3866862570857
      ],
      [
        0.0,
        1022.6509824164526,
        533.4049463713967
      ],
      [
        0.0,
        0.0,
        1.0
      ]
    ],
    "dist": [
      0.012312384671724923,
      0.012475087315979506,
      -0.0012455482507751818,
      0.0012979173860959803,
      -0.00021079006059792653
    ]
  },
  "6_3": {
    "R": [
      [
        -0.7953483312205969,
        0.08293027881970196,
        -0.6004528298538513
      ],
      [
        -0.15660419139612064,
        0.9288521338946847,
        0.33572137345789854
      ],
      [
        0.5855733594194487,
        0.3610488640256012,
        -0.7257737653870137
      ]
    ],
    "t": [
      0.5688225781973602,
      -0.21888479667951086,
      1.6780534274312635
    ],
    "K": [
      [
        1039.322900145074,
        0.0,
        970.110509796992
      ],
      [
        0.0,
        1027.843197675548,
        552.0987941224424
      ],
      [
        0.0,
        0.0,
        1.0
      ]
    ],
    "dist": [
      -0.005434848247774365,
      -0.009572498731223554,
      0.00023369520819812147,
      0.0022696758385673138,
      0.0013163958614982436
    ]
  },
  "6_4": {
    "R": [
      [
        0.413104107887893,
        -0.2635912137270619,
        0.8717021670800426
      ],
      [
        0.1019183309934304,
        0.9645635746907997,
        0.24337165855378365
      ],
      [
        -0.9049627892094027,
        -0.011695401899903396,
        0.42532995159139464
      ]
    ],
    "t": [
      -1.0541027073158797,
      -0.01672770357657104,
      0.5185017344565086
    ],
    "K": [
      [
        1032.2951799368554,
        0.0,
        959.4511389245961
      ],
      [
        0.0,
        1048.8355254458559,
        550.6389787705164
      ],
      [
        0.0,
        0.0,
        1.0
      ]
    ],
    "dist": [
      0.010131829477533168,
      0.01316516591459639,
      0.00018332738451268466,
      0.0017879509697546884,
      -0.0014375639042932089
    ]
  }
}