{
  "6_1": {
    "R": [
      [
        1.0,
        0.0,
        0.0
      ],
      [
        0.0,
        1.0,
        0.0
      ],
      [
        0.0,
        0.0,
        1.0
      ]
    ],
    "t": [
      0.01874039224527183,
      0.008601674356321856,
      -0.004138267213677197
    ],
    "K": [
      [
        1042.6570878745345,
        0.0,
        969.5114353374
      ],
      [
        0.0,
        1040.284247695506,
        545.1083663813062
      ],
      [
        0.0,
        0.0,
        1.0
      ]
    ],
    "dist": [
      0.007374677118212113,
      0.0008328349081534094,
      0.0015677447136268616,
      0.0027209995702545016,
      0.0009869836656792455
    ]
  },
  "6_2": {
    "R": [
      [
        -0.8935944103856852,
        -0.05009743493547327,
        0.44607093240912454
      ],
      [
        0.131640046478035,
        0.9208101721242137,
        0.3671233104500956
      ],
      [
        -0.42913858820982353,
        0.3867801364153316,
        -0.8162359941731417
      ]
    ],
    "t": [
      -0.15601515727867601,
      -0.14955015458582985,
      1.7861286823577187
    ],
    "K": [
      [
        1036.30475631329,
        0.0,
        964.253990821834
      ],
      [
        0.0,
        1032.6525048276258,
        535.9728471004115
      ],
      [
        0.0,
        0.0,
        1.0
      ]
    ],
    "dist": [
      0.002314699470590722,
      0.0024758979729774208,
      -0.0012455482497746734,
      0.0012979173851227761,
      -0.00021079006159788113
    ]
  },
  "6_3": {
    "R": [
      [
        -0.839996049791342,
        0.16222399545517502,
        -0.5177740932428936
      ],
      [
        -0.0076244244876256945,
        0.9506363418822796,
        0.31021349687579725
      ],
      [
        0.542538942829152,
        0.2645258414432078,
        -0.7972939073657777
      ]
    ],
    "t": [
      0.8462543942408387,
      -0.1396827527939135,
      1.7123256438138317
    ],
    "K": [
      [
        1041.498219861513,
        0.0,
        968.2605856831897
      ],
      [
        0.0,
        1037.7816343175814,
        542.0942975551342
      ],
      [
        0.0,
        0.0,
        1.0
      ]
    ],
    "dist": [
      0.004558365163811392,
      0.00042070684080918434,
      0.00023369520918943036,
      0.002269675839567439,
      0.0013163958624974803
    ]
  },
  "6_4": {
    "R": [
      [
        0.44524167572137735,
        -0.26801001322712203,
        0.8543596918223717
      ],
      [
        0.09118762187721198,
        0.9627653597497923,
        0.25449495020968876
      ],
      [
        -0.8907551110250216,
        -0.035404729568960555,
        0.4531024578469535
      ]
    ],
    "t": [
      -0.9109769084701077,
      -0.0436091439478988,
      0.4094207545942734
    ],
    "K": [
      [
        1042.2665384420961,
        0.0,
        965.9365145524829
      ],
      [
        0.0,
        1038.467764298678,
        541.739014683605
      ],
      [
        0.0,
        0.0,
        1.0
      ]
    ],
    "dist": [
      0.006231964690028128,
      0.0034347177457619343,
      0.00018332738622665325,
      0.001787950968886284,
      -0.0014375639052772683
    ]
  }
}