{
  "6_1": {
    "R": [
      [
        1.0,
        0.0,
        0.0
      ],
      [
        0.0,
        1.0,
        -1.1567148267415758e-15
      ],
      [
        0.0,
        1.1567148267415758e-15,
        1.0
      ]
    ],
    "t": [
      0.05939504771767063,
      -0.0026071640019303356,
      0.022092502714591206
    ],
    "K": [
      [
        1039.4892708598652,
        0.0,
        977.7956587419809
      ],
      [
        0.0,
        1049.1774742105517,
        535.6073764433222
      ],
      [
        0.0,
        0.0,
        1.0
      ]
    ],
    "dist": [
      -0.003633044028844503,
      -0.009960032740246337,
      0.0015677447146768284,
      0.0027209995693439192,
      0.000986983664603536
    ]
  },
  "6_2": {
    "R": [
      [
        -0.9159573616632094,
        -0.16903254430194795,
        0.36393695962595296
      ],
      [
        -0.019576924607642154,
        0.924693823344537,
        0.380207939279768
      ],
      [
        -0.40079777399316874,
        0.34112949452557023,
        -0.8502892521529657
      ]
    ],
    "t": [
      -0.4538284302852028,
      -0.18569105653631676,
      1.3875039857362914
    ],
    "K": [
      [
        1044.8873521653609,
        0.0,
        974.2244236755524
      ],
      [
        0.0,
        1023.0036856980018,
        544.8937716497587
      ],
      [
        0.0,
        0.0,
        1.0
      ]
    ],
    "dist": [
      0.012312360528422004,
      0.012473246706264198,
      -0.0012455482507751818,
      0.0012979173861038533,
      -0.00021079006060072141
    ]
  },
  "6_3": {
    "R": [
      [
        -0.7910024264231044,
        0.0788106727608171,
        -0.6067157812779793
      ],
      [
        -0.15893823726159564,
        0.9311518801945093,
        0.3281688783940468
      ],
      [
        0.5908077505660687,
        0.35601271588135347,
        -0.7240173671962881
      ]
    ],
    "t": [
      0.3792382199733123,
      -0.27154814109487063,
      1.6643704560801655
    ],
    "K": [
      [
        1041.2899200449126,
        0.0,
        960.6832107758552
      ],
      [
        0.0,
        1027.8931157156712,
        552.1192452413072
      ],
      [
        0.0,
        0.0,
        1.0
      ]
    ],
    "dist": [
      -0.005434848258390288,
      -0.009572500209197685,
      0.00023369520819812147,
      0.0022696758385673125,
      0.0013163958614982008
    ]
  },
  "6_4": {
    "R": [
      [
        0.41549876721009354,
        -0.2648214239511777,
        0.8701898573664042
      ],
      [
        0.10774339541803607,
        0.9642735171424162,
        0.2420081504445398
      ],
      [
        -0.903189977352874,
        -0.006796878273508278,
        0.42918721702195406
      ]
    ],
    "t": [
      -0.8690848280432134,
      -0.03647390508173433,
      0.3971530767677224
    ],
    "K": [
      [
        1032.6034272141792,
        0.0,
        958.8446212934605
      ],
      [
        0.0,
        1048.8238308743664,
        550.8507255577831
      ],
      [
        0.0,
        0.0,
        1.0
      ]
    ],
    "dist": [
      0.004979035702467473,
      0.012966201610359662,
      0.00018332738451268466,
      0.001787950968005756,
      -0.001437563904287263
    ]
  }
}