{
  "6_1": {
    "R": [
      [
        1.0,
        0.0,
        0.0
      ],
      [
        0.0,
        1.0,
        0.0
      ],
      [
        0.0,
        0.0,
        1.0
      ]
    ],
    "t": [
      -0.015614745813619808,
      -0.03131026499974315,
      -0.0017237681399950727
    ],
    "K": [
      [
        1039.645857348994,
        0.0,
        970.5217403364205
      ],
      [
        0.0,
        1048.835413437805,
        544.4490175577123
      ],
      [
        0.0,
        0.0,
        1.0
      ]
    ],
    "dist": [
      0.0016640828381239568,
      -0.007124235121451596,
      0.001567744714375229,
      0.0027209995703769913,
      0.0009869836648297996
    ]
  },
  "6_2": {
    "R": [
      [
        -0.9535311688291962,
        0.09424612633256288,
        0.2861747328862796
      ],
      [
        0.19277762581102684,
        0.920790925002082,
        0.3390882767370083
      ],
      [
        -0.23154934043933398,
        0.37849932642623924,
        -0.8961713914408296
      ]
    ],
    "t": [
      -0.12605680656263224,
      -0.11748180014312445,
      1.340062985160149
    ],
    "K": [
      [
        1032.668449119424,
        0.0,
        963.6652741323004
      ],
      [
        0.0,
        1042.6274905953405,
        543.6825953474962
      ],
      [
        0.0,
        0.0,
        1.0
      ]
    ],
    "dist": [
      0.008340596033318628,
      0.008916367127262072,
      -0.0012455482507751799,
      0.0012979173856814744,
      -0.00021079006104364248
    ]
  },
  "6_3": {
    "R": [
      [
        -0.7351673735179202,
        0.15185553834244347,
        -0.6606578754465049
      ],
      [
        -0.06715848284791862,
        0.9534758119045863,
        0.2938938827101651
      ],
      [
        0.6745507179570183,
        0.2604299744415322,
        -0.6907659207836286
      ]
    ],
    "t": [
      0.8069253503787008,
      -0.06324710632282131,
      1.5807567461019014
    ],
    "K": [
      [
        1041.374881964717,
        0.0,
        968.1586141460235
      ],
      [
        0.0,
        1038.1680968893425,
        542.3949358424953
      ],
      [
        0.0,
        0.0,
        1.0
      ]
    ],
    "dist": [
      0.004667677130877168,
      0.0005444220262420388,
      0.00023369520928634747,
      0.0022696758395637042,
      0.0013163958625106711
    ]
  },
  "6_4": {
    "R": [
      [
        0.4176215890862573,
        -0.3278239053010882,
        0.8474217931126227
      ],
      [
        0.14744568759282772,
        0.9447350827623873,
        0.29280606654955754
      ],
      [
        -0.8965779260830302,
        0.0026665541601150478,
        0.4428779876552499
      ]
    ],
    "t": [
      -0.9085109891838942,
      -0.07993147260600174,
      0.3544490981209655
    ],
    "K": [
      [
        1049.9648277959398,
        0.0,
        965.1230718793926
      ],
      [
        0.0,
        1028.8625852747327,
        538.9766412960696
      ],
      [
        0.0,
        0.0,
        1.0
      ]
    ],
    "dist": [
      0.0039801876526718025,
      0.002450861342474433,
      0.0001833273863428487,
      0.0017879509690573473,
      -0.0014375639047418999
    ]
  }
}