{
  "6_1": {
    "R": [
      [
        1.0,
        0.0,
        0.0
      ],
      [
        0.0,
        1.0,
        -2.622630318133086e-15
      ],
      [
        0.0,
        2.622630318133086e-15,
        1.0
      ]
    ],
    "t": [
      -0.10160046540598756,
      0.07615069369347101,
      -0.07135168988130267
    ],
    "K": [
      [
        1044.073915308123,
        0.0,
        978.8554529742144
      ],
      [
        0.0,
        1049.1774248671802,
        535.607758609365
      ],
      [
        0.0,
        0.0,
        1.0
      ]
    ],
    "dist": [
      -0.0036341812922280354,
      -0.009960104834102729,
      0.0015677447146768284,
      0.002720999569343919,
      0.0009869836646033978
    ]
  },
  "6_2": {
    "R": [
      [
        -0.9215955720498985,
        -0.16225880750906602,
        0.35260981404912156
      ],
      [
        -0.01852042199956286,
        0.9257809149039562,
        0.3776065300925708
      ],
      [
        -0.3877094215349665,
        0.34147002355306283,
        -0.8562006934520039
      ]
    ],
    "t": [
      -0.3458541612768663,
      -0.15191708497300527,
      1.604727985793722
    ],
    "K": [
      [
        1046.2918971152417,
        0.0,
        959.9571442538274
      ],
      [
        0.0,
        1022.6417634354642,
        544.6943775598397
      ],
      [
        0.0,
        0.0,
        1.0
      ]
    ],
    "dist": [
      0.012312162176933511,
      0.012471197348883252,
      -0.0012455482507751818,
      0.0012979173860140762,
      -0.00021079006060093148
    ]
  },
  "6_3": {
    "R": [
      [
        -0.7905705827711187,
        0.07392726782943626,
        -0.6078921884086096
      ],
      [
        -0.16389619946587639,
        0.9309276931740581,
        0.3263612505832579
      ],
      [
        0.5900306682347752,
        0.3576428234326829,
        -0.7238476506762479
      ]
    ],
    "t": [
      0.577868057174146,
      -0.20982931480487912,
      1.7224716783547032
    ],
    "K": [
      [
        1047.7810352158851,
        0.0,
        968.3743682237797
      ],
      [
        0.0,
        1027.8200530053928,
        552.1262550681887
      ],
      [
        0.0,
        0.0,
        1.0
      ]
    ],
    "dist": [
      -0.005434842281708262,
      -0.00942695262554797,
      0.00023369520819812147,
      0.0022696758385673138,
      0.001316395862986805
    ]
  },
  "6_4": {
    "R": [
      [
        0.4203074357809948,
        -0.2569835838677594,
        0.8702304850151408
      ],
      [
        0.09377875991078817,
        0.9662234260300651,
        0.2400371537498272
      ],
      [
        -0.9025226886991815,
        -0.019280264863474617,
        0.43021049239877285
      ]
    ],
    "t": [
      -1.0649836059952058,
      -0.002733412216066143,
      0.5186260352411087
    ],
    "K": [
      [
        1032.2835316556561,
        0.0,
        958.1312166007482
      ],
      [
        0.0,
        1048.8517161540778,
        547.5197999409343
      ],
      [
        0.0,
        0.0,
        1.0
      ]
    ],
    "dist": [
      0.0049456298198041785,
      0.013312660341407483,
      0.00018332738451268466,
      0.0017879509699010498,
      -0.001437563904285505
    ]
  }
}