{
  "6_1": {
    "R": [
      [
        1.0,
        0.0,
        0.0
      ],
      [
        0.0,
        1.0,
        -2.7329346973256453e-16
      ],
      [
        0.0,
        2.7329346973256453e-16,
        1.0
      ]
    ],
    "t": [
      -0.21142630030615672,
      0.09264033182140681,
      -0.11893916831043608
    ],
    "K": [
      [
        1034.3757439670724,
        0.0,
        979.3369734814271
      ],
      [
        0.0,
        1049.17746380857,
        535.6313399797077
      ],
      [
        0.0,
        0.0,
        1.0
      ]
    ],
    "dist": [
      0.016206957755350637,
      -0.007520155531419222,
      0.0015677447146768284,
      0.002720999569343919,
      0.0009869836646122147
    ]
  },
  "6_2": {
    "R": [
      [
        -0.9145737668481843,
        -0.17606180164949864,
        0.3640838735690661
      ],
      [
        -0.026174328691505835,
        0.9241451776238054,
        0.3811437985750446
      ],
      [
        -0.40357121987410366,
        0.33905446859553073,
        -0.8498072356803806
      ]
    ],
    "t": [
      -0.2714069343799861,
      -0.16238515086519784,
      1.6974972491714289
    ],
    "K": [
      [
        1034.2319333624446,
        0.0,
        954.2730426134643
      ],
      [
        0.0,
        1023.4118159798022,
        545.7234515995758
      ],
      [
        0.0,
        0.0,
        1.0
      ]
    ],
    "dist": [
      0.00193495230054338,
      0.009305663211307772,
      -0.0012455482507751818,
      0.0012979173860948453,
      -0.00021079006094525915
    ]
  },
  "6_3": {
    "R": [
      [
        -0.7839085771443502,
        0.0797493192408516,
        -0.6157332123250628
      ],
      [
        -0.1563433884321022,
        0.9344049512865064,
        0.3200689486732984
      ],
      [
        0.600869443034915,
        0.3471706109276568,
        -0.7200197770443729
      ]
    ],
    "t": [
      0.7143783291697079,
      -0.18913301797745985,
      1.719739622824931
    ],
    "K": [
      [
        1048.859434898821,
        0.0,
        962.198013429863
      ],
      [
        0.0,
        1038.4009948686733,
        548.9134359995317
      ],
      [
        0.0,
        0.0,
        1.0
      ]
    ],
    "dist": [
      -0.005434846529134436,
      -0.009572091747327982,
      0.00023369520819904797,
      0.002269675838567313,
      0.0013163958614987295
    ]
  },
  "6_4": {
    "R": [
      [
        0.4470870502922899,
        -0.2635422158142243,
        0.8547857450523307
      ],
      [
        0.10821187324589752,
        0.9645288743609834,
        0.2407784064498894
      ],
      [
        -0.887920807251161,
        -0.015150940817756184,
        0.45974676621242655
      ]
    ],
    "t": [
      -1.142703921681079,
      -0.011383439474058645,
      0.5584253003057505
    ],
    "K": [
      [
        1032.2924873860886,
        0.0,
        959.5202118233077
      ],
      [
        0.0,
        1042.1843963165434,
        550.7239566357249
      ],
      [
        0.0,
        0.0,
        1.0
      ]
    ],
    "dist": [
      0.00891349349849153,
      0.013314579137970598,
      0.00018332738451268466,
      0.0017879509698817838,
      -0.001437563904285501
    ]
  }
}