{
  "6_1": {
    "R": [
      [
        1.0,
        0.0,
        0.0
      ],
      [
        0.0,
        1.0,
        0.0
      ],
      [
        0.0,
        0.0,
        1.0
      ]
    ],
    "t": [
      -3.342590388780651e-08,
      8.850652697292449e-07,
      6.879172462942047e-07
    ],
    "K": [
      [
        1042.844404381582,
        0.0,
        969.4126137095084
      ],
      [
        0.0,
        1039.1774699641544,
        545.6073490083388
      ],
      [
        0.0,
        0.0,
        1.0
      ]
    ],
    "dist": [
      0.006365794066148838,
      3.989166378602852e-05,
      0.001567744713676829,
      0.0027209995703439183,
      0.0009869836656033971
    ]
  },
  "6_2": {
    "R": [
      [
        0.5177146544674989,
        -0.25357864203139163,
        0.817110401876707
      ],
      [
        0.44193767947445745,
        0.8970442868963926,
        -0.0016232089434125296
      ],
      [
        -0.7325726066475118,
        0.36195223393710063,
        0.5764789296562473
      ]
    ],
    "t": [
      -2.2236016598617185,
      0.11284428390181234,
      2.7007332223316505
    ],
    "K": [
      [
        1036.304398326841,
        0.0,
        964.253660177554
      ],
      [
        0.0,
        1032.6417482952668,
        535.9612305089047
      ],
      [
        0.0,
        0.0,
        1.0
      ]
    ],
    "dist": [
      0.00231238467077169,
      0.00247508764574228,
      -0.001245548249775182,
      0.0012979173851226065,
      -0.00021079006159791555
    ]
  },
  "6_3": {
    "R": [
      [
        -0.4144988881682011,
        0.028656609243018688,
        0.9095985215764251
      ],
      [
        0.40454102372906264,
        0.9011236525947839,
        0.1559574392405747
      ],
      [
        -0.8151915307629043,
        0.43261410226774677,
        -0.38510752614238064
      ]
    ],
    "t": [
      -1.5925005786890152,
      -0.5974713804386079,
      6.333885915780678
    ],
    "K": [
      [
        1041.4893616659501,
        0.0,
        968.2518128614726
      ],
      [
        0.0,
        1037.8189572445538,
        542.131602694283
      ],
      [
        0.0,
        0.0,
        1.0
      ]
    ],
    "dist": [
      0.004565155069873461,
      0.00042750262353317655,
      0.0002336952091981211,
      0.002269675839567312,
      0.0013163958624982006
    ]
  },
  "6_4": {
    "R": [
      [
        0.7633923480579368,
        -0.3930577281907023,
        0.5125795013811555
      ],
      [
        0.37202853288242377,
        0.9162589320437128,
        0.14854070207005965
      ],
      [
        -0.528040617422506,
        0.07729936454899827,
        0.8456937475187929
      ]
    ],
    "t": [
      0.156195777443904,
      -0.28990542048780304,
      -0.9442218864489867
    ],
    "K": [
      [
        1042.2835252633545,
        0.0,
        965.8134453231796
      ],
      [
        0.0,
        1038.8517116917972,
        540.9193428165216
      ],
      [
        0.0,
        0.0,
        1.0
      ]
    ],
    "dist": [
      0.006113086017979968,
      0.0033145956943065394,
      0.00018332738551268395,
      0.0017879509689010678,
      -0.0014375639052855015
    ]
  }
}