{
  "6_1": {
    "R": [
      [
        1.0,
        0.0,
        0.0
      ],
      [
        0.0,
        1.0,
        1.574201399415186e-15
      ],
      [
        0.0,
        -1.574201399415186e-15,
        1.0
      ]
    ],
    "t": [
      0.10775512551302023,
      -0.04670384463702046,
      0.05374720253502307
    ],
    "K": [
      [
        1050.9617034274322,
        0.0,
        971.0479696734596
      ],
      [
        0.0,
        1049.1751645000159,
        535.613424138682
      ],
      [
        0.0,
        0.0,
        1.0
      ]
    ],
    "dist": [
      -0.003634202457601155,
      -0.009960096684132272,
      0.0015677447146768284,
      0.002720999571343315,
      0.0009869836646034188
    ]
  },
  "6_2": {
    "R": [
      [
        -0.9195285561156978,
        -0.1788321980929068,
        0.349980398612607
      ],
      [
        -0.02783775322416497,
        0.9178815388803743,
        0.39587692541751657
      ],
      [
        -0.39203608760318276,
        0.3542774696588182,
        -0.848996572730971
      ]
    ],
    "t": [
      -0.44563203221246356,
      -0.2343613901377124,
      1.3166599107784085
    ],
    "K": [
      [
        1040.9257265520544,
        0.0,
        954.7347848785811
      ],
      [
        0.0,
        1022.6605350502722,
        545.8725102532775
      ],
      [
        0.0,
        0.0,
        1.0
      ]
    ],
    "dist": [
      0.00922861980574178,
      -0.0008839106286484574,
      -0.0012455482507751818,
      0.0012979173861226063,
      -0.00021079006235621376
    ]
  },
  "6_3": {
    "R": [
      [
        -0.7866037385359931,
        0.08561975297380076,
        -0.611493104149102
      ],
      [
        -0.16471029424078476,
        0.925357527277967,
        0.34144394222349467
      ],
      [
        0.5950840927905175,
        0.3693002905640779,
        -0.7137872357341328
      ]
    ],
    "t": [
      0.3311025213327349,
      -0.3223354445757809,
      1.6560212163305232
    ],
    "K": [
      [
        1036.0037241405373,
        0.0,
        959.2593443635471
      ],
      [
        0.0,
        1047.8093423693786,
        552.1142038411369
      ],
      [
        0.0,
        0.0,
        1.0
      ]
    ],
    "dist": [
      0.01403894728756135,
      0.0036718523225735987,
      0.00023369520819812147,
      0.00226967584056728,
      0.00131639586156216
    ]
  },
  "6_4": {
    "R": [
      [
        0.42980007765638734,
        -0.26355536378813144,
        0.8636031863449029
      ],
      [
        0.09269221323551162,
        0.9642773251215826,
        0.24814792737773986
      ],
      [
        -0.8981536877684496,
        -0.026604707757675122,
        0.438875999199162
      ]
    ],
    "t": [
      -0.789159662284735,
      -0.07136553517010535,
      0.35169046472143406
    ],
    "K": [
      [
        1039.7391918018054,
        0.0,
        957.3748028197227
      ],
      [
        0.0,
        1038.41878277367,
        540.4581474717731
      ],
      [
        0.0,
        0.0,
        1.0
      ]
    ],
    "dist": [
      -0.0038528588053886458,
      -0.001349487835401069,
      0.0001833273845126856,
      0.0017879509698990896,
      -0.0014375639043175098
    ]
  }
}