{
  "6_1": {
    "R": [
      [
        1.0,
        0.0,
        0.0
      ],
      [
        0.0,
        1.0,
        9.320805636965293e-16
      ],
      [
        0.0,
        -9.320805636965293e-16,
        1.0
      ]
    ],
    "t": [
      -0.0599075722246197,
      0.02998955108601415,
      -0.05087306533412447
    ],
    "K": [
      [
        1051.3953515359754,
        0.0,
        971.4472842502256
      ],
      [
        0.0,
        1040.3735639082815,
        539.748149137919
      ],
      [
        0.0,
        0.0,
        1.0
      ]
    ],
    "dist": [
      0.016342587740043657,
      0.005177873046326696,
      0.0015677447146702486,
      0.0027209995693441473,
      0.0009869836648415825
    ]
  },
  "6_2": {
    "R": [
      [
        -0.9194873784135519,
        -0.18952171842176968,
        0.3444190459086621
      ],
      [
        -0.03726617851617664,
        0.9141938614167265,
        0.40356017604166056
      ],
      [
        -0.3913491955747119,
        0.35823330665145453,
        -0.8476524671872258
      ]
    ],
    "t": [
      -0.3461456555550561,
      -0.20646532875661217,
      1.518706829674487
    ],
    "K": [
      [
        1046.1271455210967,
        0.0,
        963.1905091978629
      ],
      [
        0.0,
        1023.8092276452267,
        539.886838620287
      ],
      [
        0.0,
        0.0,
        1.0
      ]
    ],
    "dist": [
      -0.006955011492410959,
      0.006433588394507044,
      -0.0012455482507609135,
      0.001297917384333922,
      -0.0002107900608138929
    ]
  },
  "6_3": {
    "R": [
      [
        -0.7753660609915444,
        0.08981788127354713,
        -0.6250921689366999
      ],
      [
        -0.1630862291784967,
        0.9277788880202261,
        0.3356027663716311
      ],
      [
        0.610090446831284,
        0.3621589197403313,
        -0.7047202023056531
      ]
    ],
    "t": [
      0.5471558009889164,
      -0.2449111108158058,
      1.6630380539883587
    ],
    "K": [
      [
        1050.9518777913488,
        0.0,
        966.1048878954335
      ],
      [
        0.0,
        1031.127452256684,
        539.0246676502478
      ],
      [
        0.0,
        0.0,
        1.0
      ]
    ],
    "dist": [
      -0.005434848258322436,
      -0.009529587630676978,
      0.0002336952101461556,
      0.0022696758385673125,
      0.0013163958615678138
    ]
  },
  "6_4": {
    "R": [
      [
        0.4285337355534541,
        -0.2853869374950554,
        0.8572707468471065
      ],
      [
        0.10687179044016623,
        0.9581557352792945,
        0.2655485028380085
      ],
      [
        -0.8971829567600554,
        -0.022178432284270008,
        0.4411018694595349
      ]
    ],
    "t": [
      -0.9889375506503941,
      -0.04882561509687682,
      0.4663181586118309
    ],
    "K": [
      [
        1043.229271176184,
        0.0,
        965.9068005871918
      ],
      [
        0.0,
        1043.118879547063,
        540.9850660287843
      ],
      [
        0.0,
        0.0,
        1.0
      ]
    ],
    "dist": [
      0.014550133880683101,
      0.013307511824720022,
      0.00018332738457962908,
      0.001787950968026002,
      -0.0014375639042855783
    ]
  }
}