{
  "6_1": {
    "R": [
      [
        1.0,
        0.0,
        0.0
      ],
      [
        0.0,
        1.0,
        1.2869371402337453e-15
      ],
      [
        0.0,
        -1.2869371402337453e-15,
        1.0
      ]
    ],
    "t": [
      -0.15479557406522923,
      0.03352394558952106,
      -0.08104955802065933
    ],
    "K": [
      [
        1051.828051321606,
        0.0,
        979.1762127008108
      ],
      [
        0.0,
        1031.9038694110295,
        545.7724777509882
      ],
      [
        0.0,
        0.0,
        1.0
      ]
    ],
    "dist": [
      0.01636575935772618,
      0.0058453786024954294,
      0.0015677447126816089,
      0.002720999569343919,
      0.000986983664616027
    ]
  },
  "6_2": {
    "R": [
      [
        -0.9209280719144343,
        -0.19762489003680878,
        0.33591053749160926
      ],
      [
        -0.04364429465140261,
        0.9087737474471631,
        0.4150005439697904
      ],
      [
        -0.3872811148304861,
        0.36752507232674564,
        -0.8455404539741882
      ]
    ],
    "t": [
      -0.25096659575680746,
      -0.21260146397028643,
      1.5293540066514884
    ],
    "K": [
      [
        1046.0829648160877,
        0.0,
        962.1111814114333
      ],
      [
        0.0,
        1023.3178590347839,
        541.7850044549856
      ],
      [
        0.0,
        0.0,
        1.0
      ]
    ],
    "dist": [
      -0.007668822565724927,
      0.0043418889401373095,
      -0.0012455482507299578,
      0.0012979173841226534,
      -0.00021079006101520814
    ]
  },
  "6_3": {
    "R": [
      [
        -0.763089395031336,
        0.09407515532271261,
        -0.6394094465533936
      ],
      [
        -0.16616018447817565,
        0.9275354023567712,
        0.33476688974425367
      ],
      [
        0.6245681454292143,
        0.3617014549678646,
        -0.6921608838913403
      ]
    ],
    "t": [
      0.6355528465168778,
      -0.22032239886622226,
      1.561619807099318
    ],
    "K": [
      [
        1051.2527613901084,
        0.0,
        960.7866778864966
      ],
      [
        0.0,
        1028.3441642566652,
        534.5779619707295
      ],
      [
        0.0,
        0.0,
        1.0
      ]
    ],
    "dist": [
      -0.005434848258390289,
      -0.009572500193150806,
      0.00023369521014690163,
      0.0022696758385673133,
      0.0013163958614982008
    ]
  },
  "6_4": {
    "R": [
      [
        0.42177589637019763,
        -0.296331628748717,
        0.856908781052131
      ],
      [
        0.10236509556912211,
        0.9546054156022201,
        0.27973181390760155
      ],
      [
        -0.9009031470975339,
        -0.030266587287718652,
        0.4329635703424875
      ]
    ],
    "t": [
      -1.02547877563589,
      -0.0615483955386549,
      0.5271074635400759
    ],
    "K": [
      [
        1042.4800623561252,
        0.0,
        970.5137906672704
      ],
      [
        0.0,
        1042.4143820339657,
        533.5120217265516
      ],
      [
        0.0,
        0.0,
        1.0
      ]
    ],
    "dist": [
      0.016112911615414758,
      0.013314603308142764,
      0.00018332738651266226,
      0.0017879509679052323,
      -0.001437563904285501
    ]
  }
}