{
  "6_1": {
    "R": [
      [
        1.0,
        0.0,
        0.0
      ],
      [
        0.0,
        1.0,
        -2.7146460624473222e-15
      ],
      [
        0.0,
        2.7146460624473222e-15,
        1.0
      ]
    ],
    "t": [
      -0.15555048790285553,
      0.07748091998168269,
      -0.1490175598307884
    ],
    "K": [
      [
        1037.9159782651698,
        0.0,
        968.9323688199061
      ],
      [
        0.0,
        1047.300504297951,
        545.5358334070798
      ],
      [
        0.0,
        0.0,
        1.0
      ]
    ],
    "dist": [
      0.0010023396175264934,
      -0.004372368590583273,
      0.0015677447139356327,
      0.0027209995701291635,
      0.000986983665108057
    ]
  },
  "6_2": {
    "R": [
      [
        -0.9646035703796388,
        -0.06942045052332421,
        0.25440273791764073
      ],
      [
        0.032612867469371025,
        0.9259168344026341,
        0.3763169098582087
      ],
      [
        -0.2616798671779668,
        0.37129343761901396,
        -0.8908786843868121
      ]
    ],
    "t": [
      -0.24970360391668336,
      -0.16555884455710543,
      1.749801323660407
    ],
    "K": [
      [
        1041.439272635815,
        0.0,
        962.8462083081893
      ],
      [
        0.0,
        1025.0012446267904,
        536.7437359107895
      ],
      [
        0.0,
        0.0,
        1.0
      ]
    ],
    "dist": [
      0.00436817086027141,
      0.005097282675089105,
      -0.0012455482506216326,
      0.001297917384824663,
      -0.00021079006135104602
    ]
  },
  "6_3": {
    "R": [
      [
        -0.7446709397050456,
        0.09064772568612602,
        -0.6612474433876754
      ],
      [
        -0.10831574647664528,
        0.9611870666736572,
        0.253746176177095
      ],
      [
        0.6585840042272597,
        0.26058091389666876,
        -0.7059495000981059
      ]
    ],
    "t": [
      0.7422970765445235,
      -0.13322717936881362,
      1.7542011526781953
    ],
    "K": [
      [
        1041.918663402822,
        0.0,
        966.0824075795427
      ],
      [
        0.0,
        1034.1073512152107,
        538.0381169746511
      ],
      [
        0.0,
        0.0,
        1.0
      ]
    ],
    "dist": [
      0.00471338860876748,
      0.0007263486181630441,
      0.00023369520918271248,
      0.0022696758395862548,
      0.001316395862524851
    ]
  },
  "6_4": {
    "R": [
      [
        0.425701241807988,
        -0.22882575966070334,
        0.8754525826330282
      ],
      [
        0.0757364373466063,
        0.9731121515963781,
        0.21752409630547026
      ],
      [
        -0.9016886628882392,
        -0.02629661824588804,
        0.43158549916285366
      ]
    ],
    "t": [
      -1.1795924222027263,
      0.001887589151272653,
      0.5215046081000815
    ],
    "K": [
      [
        1040.280580883963,
        0.0,
        964.671678937761
      ],
      [
        0.0,
        1039.2389018040312,
        541.9604046476124
      ],
      [
        0.0,
        0.0,
        1.0
      ]
    ],
    "dist": [
      0.004419758147434346,
      0.0013815621626014653,
      0.00018332738526324245,
      0.0017879509690599546,
      -0.0014375639054918946
    ]
  }
}