{
  "6_1": {
    "R": [
      [
        1.0,
        0.0,
        0.0
      ],
      [
        0.0,
        1.0,
        -5.952334602843973e-16
      ],
      [
        0.0,
        5.952334602843973e-16,
        1.0
      ]
    ],
    "t": [
      0.07701708591291433,
      -0.05345370924626447,
      0.03141734329768414
    ],
    "K": [
      [
        1050.7559456123906,
        0.0,
        974.6664566488377
      ],
      [
        0.0,
        1049.1773928038865,
        535.6303292756907
      ],
      [
        0.0,
        0.0,
        1.0
      ]
    ],
    "dist": [
      -0.003006662993258391,
      -0.009349914911503074,
      0.0015677447146768284,
      0.0027209995694023625,
      0.0009869836646966823
    ]
  },
  "6_2": {
    "R": [
      [
        -0.9241406201437508,
        -0.17698821686012361,
        0.3385842366280472
      ],
      [
        -0.03454883946248194,
        0.9213075310921798,
        0.38729679942471446
      ],
      [
        -0.3804871770403298,
        0.34621901196425614,
        -0.8575324506176865
      ]
    ],
    "t": [
      -0.43820267302234384,
      -0.24474300786843373,
      1.4303454437486105
    ],
    "K": [
      [
        1045.9441952131256,
        0.0,
        956.4768212788761
      ],
      [
        0.0,
        1023.9350616596013,
        537.1300121915499
      ],
      [
        0.0,
        0.0,
        1.0
      ]
    ],
    "dist": [
      0.012219974994758857,
      0.00427829086613033,
      -0.001245548250592792,
      0.0012979173861226046,
      -0.00021079006250507998
    ]
  },
  "6_3": {
    "R": [
      [
        -0.7800842537144567,
        0.07977116867588244,
        -0.6205683828192048
      ],
      [
        -0.17092939455280806,
        0.9269378556019714,
        0.3340199903146952
      ],
      [
        0.6018734910133272,
        0.36663711282425093,
        -0.7094543877624042
      ]
    ],
    "t": [
      0.38806278898120783,
      -0.3388391999775898,
      1.7149774319589164
    ],
    "K": [
      [
        1041.268447394452,
        0.0,
        967.7314319518543
      ],
      [
        0.0,
        1033.7931080948708,
        552.1223200651231
      ],
      [
        0.0,
        0.0,
        1.0
      ]
    ],
    "dist": [
      -0.005434823683529424,
      -0.009549624336967445,
      0.00023369520819812147,
      0.002269675838570281,
      0.0013163958615152022
    ]
  },
  "6_4": {
    "R": [
      [
        0.4204926920491548,
        -0.26441268296004333,
        0.8679123394808523
      ],
      [
        0.10295035639055654,
        0.9643191739433211,
        0.24390521700924778
      ],
      [
        -0.9014361430807576,
        -0.013208476639736441,
        0.432710545390964
      ]
    ],
    "t": [
      -0.8746467870990147,
      -0.08662584550726371,
      0.3921399036010119
    ],
    "K": [
      [
        1035.2720912554312,
        0.0,
        961.320645376287
      ],
      [
        0.0,
        1037.1951788032434,
        549.2483569318676
      ],
      [
        0.0,
        0.0,
        1.0
      ]
    ],
    "dist": [
      -0.0038671824358781593,
      0.012289682708000509,
      0.00018332738451268466,
      0.0017879509698792402,
      -0.0014375639042856548
    ]
  }
}