{
  "6_1": {
    "R": [
      [
        1.0,
        0.0,
        0.0
      ],
      [
        0.0,
        1.0,
        -3.766525359785938e-15
      ],
      [
        0.0,
        3.766525359785938e-15,
        1.0
      ]
    ],
    "t": [
      -0.1930472529096454,
      0.07326765442385968,
      -0.10432943985871561
    ],
    "K": [
      [
        1051.4975716071815,
        0.0,
        979.3523533130823
      ],
      [
        0.0,
        1040.5680884131543,
        537.0563589673231
      ],
      [
        0.0,
        0.0,
        1.0
      ]
    ],
    "dist": [
      0.016197666874995697,
      -0.0004097396804585032,
      0.0015677447146752114,
      0.0027209995693439335,
      0.0009869836647854087
    ]
  },
  "6_2": {
    "R": [
      [
        -0.9222291923123939,
        -0.18950188751444763,
        0.33701980872834664
      ],
      [
        -0.03545439838863006,
        0.9094301651520812,
        0.41434256400514613
      ],
      [
        -0.3850146782678941,
        0.3701699735795976,
        -0.8454217220880653
      ]
    ],
    "t": [
      -0.24432919330606134,
      -0.20271193943860874,
      1.6401206921408993
    ],
    "K": [
      [
        1046.247657329815,
        0.0,
        954.2661513554987
      ],
      [
        0.0,
        1024.6004456937324,
        545.9584775195967
      ],
      [
        0.0,
        0.0,
        1.0
      ]
    ],
    "dist": [
      -0.007617506001098104,
      0.010436237781965743,
      -0.0012455482507751094,
      0.0012979173841337428,
      -0.00021079006068907782
    ]
  },
  "6_3": {
    "R": [
      [
        -0.7664600102566403,
        0.08881161774505483,
        -0.636122275377067
      ],
      [
        -0.16103688851924988,
        0.9321883341174787,
        0.32417900960937973
      ],
      [
        0.6217766264611668,
        0.35090939897470097,
        -0.7001831335427786
      ]
    ],
    "t": [
      0.7029679882307323,
      -0.18933969425793362,
      1.6502065898322615
    ],
    "K": [
      [
        1049.8311832876457,
        0.0,
        959.7782587559154
      ],
      [
        0.0,
        1029.0657482977035,
        532.1325315443148
      ],
      [
        0.0,
        0.0,
        1.0
      ]
    ],
    "dist": [
      -0.005434840911427109,
      -0.009572495791346402,
      0.00023369520822932632,
      0.002269675838567584,
      0.0013163958614982032
    ]
  },
  "6_4": {
    "R": [
      [
        0.43118688343376266,
        -0.2883287846862794,
        0.8549528545341035
      ],
      [
        0.1147401298701871,
        0.9573949094732104,
        0.2650088487431238
      ],
      [
        -0.8949371900597557,
        -0.016170938009786723,
        0.4458990094313198
      ]
    ],
    "t": [
      -1.1135667526993207,
      -0.04114285729430113,
      0.5586700903938326
    ],
    "K": [
      [
        1033.3115364003,
        0.0,
        969.2198298504094
      ],
      [
        0.0,
        1048.2701893903202,
        546.0273261621943
      ],
      [
        0.0,
        0.0,
        1.0
      ]
    ],
    "dist": [
      0.01609700326087573,
      0.01331460330814043,
      0.0001833273845130779,
      0.0017879509681436154,
      -0.001437563904285501
    ]
  }
}