{
  "6_1": {
    "R": [
      [
        1.0,
        0.0,
        0.0
      ],
      [
        0.0,
        1.0,
        -2.053856267024976e-10
      ],
      [
        0.0,
        2.053856267024976e-10,
        1.0
      ]
    ],
    "t": [
      -0.5639659493964684,
      -0.2377067106767372,
      -0.18618341543201597
    ],
    "K": [
      [
        1045.5274578202498,
        0.0,
        966.5782393710953
      ],
      [
        0.0,
        1030.1905657832517,
        544.5345270449053
      ],
      [
        0.0,
        0.0,
        1.0
      ]
    ],
    "dist": [
      -0.003555364503661147,
      -0.009819014963421739,
      0.0015677447146759257,
      0.0027209995701210797,
      0.0009869836646450585
    ]
  },
  "6_2": {
    "R": [
      [
        0.3824004272045703,
        -0.18319529980612514,
        0.9056541257029119
      ],
      [
        0.34317779240266366,
        0.9381978209206197,
        0.044875958167321886
      ],
      [
        -0.8579037918527906,
        0.29363979796469153,
        0.421635806088452
      ]
    ],
    "t": [
      -3.5275088374714434,
      0.8849664451754086,
      4.86849299599644
    ],
    "K": [
      [
        1036.7759389423054,
        0.0,
        965.2570804123495
      ],
      [
        0.0,
        1037.8825643827577,
        538.5487965217334
      ],
      [
        0.0,
        0.0,
        1.0
      ]
    ],
    "dist": [
      0.004115938055168135,
      -0.005404599729357714,
      -0.0012455482493490746,
      0.0012979173857025309,
      -0.00021079006259694047
    ]
  },
  "6_3": {
    "R": [
      [
        -0.6249472345517186,
        0.13342180277003574,
        0.7691811077839554
      ],
      [
        0.3438783504783437,
        0.9315956732396442,
        0.11780145021801476
      ],
      [
        -0.7008485100921973,
        0.338124421103782,
        -0.628079009165869
      ]
    ],
    "t": [
      -2.9768872201273298,
      -0.4135975680280389,
      11.073869509805334
    ],
    "K": [
      [
        1036.5929587137596,
        0.0,
        963.1007757001375
      ],
      [
        0.0,
        1046.8969167387897,
        550.7718058104482
      ],
      [
        0.0,
        0.0,
        1.0
      ]
    ],
    "dist": [
      0.005543823340402826,
      -0.0016771820326300113,
      0.00023369520973465265,
      0.002269675839172748,
      0.001316395862466884
    ]
  },
  "6_4": {
    "R": [
      [
        0.711131688299421,
        -0.41309180935945666,
        0.5688997090318691
      ],
      [
        0.3902191620912159,
        0.9050097241120311,
        0.1693706137424516
      ],
      [
        -0.5848253820015376,
        0.10155075727337376,
        0.8047774327501733
      ]
    ],
    "t": [
      0.985717045057411,
      0.13301077178604365,
      0.5354633275263636
    ],
    "K": [
      [
        1044.9063824568912,
        0.0,
        970.3520160312679
      ],
      [
        0.0,
        1030.3917806723855,
        543.1026476137724
      ],
      [
        0.0,
        0.0,
        1.0
      ]
    ],
    "dist": [
      -0.0019587022479526394,
      -0.006109658461078882,
      0.0001833273851211765,
      0.0017879509683100072,
      -0.0014375639061519597
    ]
  }
}