{
  "6_1": {
    "R": [
      [
        1.0,
        0.0,
        0.0
      ],
      [
        0.0,
        1.0,
        1.2040653267047382e-15
      ],
      [
        0.0,
        -1.2040653267047382e-15,
        1.0
      ]
    ],
    "t": [
      0.08428972899636818,
      -0.0006654141399403932,
      0.022776412071120605
    ],
    "K": [
      [
        1043.581175404135,
        0.0,
        974.9214209562942
      ],
      [
        0.0,
        1049.1774743880712,
        535.6074710977147
      ],
      [
        0.0,
        0.0,
        1.0
      ]
    ],
    "dist": [
      -0.0011016338268042718,
      0.008142093809545897,
      0.0015677447146768284,
      0.002720999569343919,
      0.000986983666603227
    ]
  },
  "6_2": {
    "R": [
      [
        -0.9192698662245761,
        -0.1708788805481935,
        0.3546030474122384
      ],
      [
        -0.019608514468460403,
        0.9196195587245588,
        0.3923204982811736
      ],
      [
        -0.39313918554602284,
        0.3536951729863505,
        -0.8487292297278123
      ]
    ],
    "t": [
      -0.483815293653739,
      -0.20504713538666836,
      1.454579432774929
    ],
    "K": [
      [
        1046.2623340287785,
        0.0,
        967.1520222017639
      ],
      [
        0.0,
        1023.4252461038708,
        542.6124868824829
      ],
      [
        0.0,
        0.0,
        1.0
      ]
    ],
    "dist": [
      0.012312383978283638,
      0.012474902954188828,
      -0.0012455482507751818,
      0.0012979173861226005,
      -0.0002107900605986258
    ]
  },
  "6_3": {
    "R": [
      [
        -0.7840244712490683,
        0.08868526349344191,
        -0.6143619067957564
      ],
      [
        -0.16019044043347813,
        0.9273077712825946,
        0.3382888116870495
      ],
      [
        0.5997038029530473,
        0.3636416111475783,
        -0.7128254536460144
      ]
    ],
    "t": [
      0.3923424381484514,
      -0.2968862010339469,
      1.7557409860766175
    ],
    "K": [
      [
        1051.489254835226,
        0.0,
        962.0502500714233
      ],
      [
        0.0,
        1027.819164453255,
        552.1220894095599
      ],
      [
        0.0,
        0.0,
        1.0
      ]
    ],
    "dist": [
      -0.005434848258390289,
      -0.00957250020919841,
      0.00023369520819812147,
      0.0022696758385673125,
      0.0013163958614982008
    ]
  },
  "6_4": {
    "R": [
      [
        0.4246997718657113,
        -0.27624328506927087,
        0.8621599336731848
      ],
      [
        0.11531811637855618,
        0.9610605424182803,
        0.25112619505257205
      ],
      [
        -0.8979598185955285,
        -0.0072305781800789115,
        0.4400180484105933
      ]
    ],
    "t": [
      -0.9002985209365528,
      -0.04142775873273036,
      0.391139619883328
    ],
    "K": [
      [
        1036.5490490251213,
        0.0,
        963.514377201454
      ],
      [
        0.0,
        1048.3512605907372,
        550.8918292654637
      ],
      [
        0.0,
        0.0,
        1.0
      ]
    ],
    "dist": [
      0.01606191465008798,
      0.013314532437249558,
      0.00018332738451268466,
      0.0017879509679021165,
      -0.001437563904285502
    ]
  }
}