{
  "6_1": {
    "R": [
      [
        1.0,
        0.0,
        0.0
      ],
      [
        0.0,
        1.0,
        -2.6989423762355167e-15
      ],
      [
        0.0,
        2.6989423762355167e-15,
        1.0
      ]
    ],
    "t": [
      -0.008608549853835867,
      0.2173760169851595,
      0.0794067958041319
    ],
    "K": [
      [
        1032.844404220931,
        0.0,
        967.0317977404349
      ],
      [
        0.0,
        1049.1774743889996,
        535.6073445831707
      ],
      [
        0.0,
        0.0,
        1.0
      ]
    ],
    "dist": [
      -0.0033374076132208497,
      -0.008235058729594777,
      0.0015677447146768284,
      0.002720999569343919,
      0.000986983666570454
    ]
  },
  "6_2": {
    "R": [
      [
        -0.9183549811524438,
        -0.14737216071099607,
        0.3672949425732223
      ],
      [
        0.010114380999509773,
        0.9190373824409734,
        0.3940405930523403
      ],
      [
        -0.3956283962122677,
        0.3655841023942584,
        -0.8425119798478199
      ]
    ],
    "t": [
      -0.6067436300957854,
      -0.0742595441586942,
      2.2149779713511735
    ],
    "K": [
      [
        1046.3043983268417,
        0.0,
        954.7159031834865
      ],
      [
        0.0,
        1022.6417482952659,
        545.9612305040275
      ],
      [
        0.0,
        0.0,
        1.0
      ]
    ],
    "dist": [
      0.01231238467177169,
      0.012475087646742279,
      -0.0012455482507751818,
      0.0012979173841226068,
      -0.00021079006059791558
    ]
  },
  "6_3": {
    "R": [
      [
        -0.8088509953432199,
        0.07329215358788851,
        -0.5834280825900754
      ],
      [
        -0.14759284510167772,
        0.9351321027341529,
        0.3220936238282182
      ],
      [
        0.5691892650139095,
        0.34663555884884484,
        -0.7455651346022522
      ]
    ],
    "t": [
      0.6100259972491883,
      -0.1691361987116262,
      2.6018221190986246
    ],
    "K": [
      [
        1051.3305180808732,
        0.0,
        978.0571541177376
      ],
      [
        0.0,
        1034.8443551875137,
        552.1119292881817
      ],
      [
        0.0,
        0.0,
        1.0
      ]
    ],
    "dist": [
      -0.005434848258259225,
      -0.009021200073881038,
      0.00023369520819812147,
      0.0022696758385673125,
      0.0013163958634896812
    ]
  },
  "6_4": {
    "R": [
      [
        0.4433162888618389,
        -0.2527232624483969,
        0.8600009422362314
      ],
      [
        0.10484196314527951,
        0.9674652581050747,
        0.23025884808954722
      ],
      [
        -0.890212800847983,
        -0.011913310921823392,
        0.4553891107934724
      ]
    ],
    "t": [
      -1.3955432959773746,
      0.16440706754909465,
      0.6675766030827897
    ],
    "K": [
      [
        1032.2837572861952,
        0.0,
        972.3038129903608
      ],
      [
        0.0,
        1029.1867696499803,
        550.9191896315916
      ],
      [
        0.0,
        0.0,
        1.0
      ]
    ],
    "dist": [
      -0.0038869063590629277,
      -0.006685396469576051,
      0.00018332738451268466,
      0.001787950969901068,
      -0.001437563906285494
    ]
  }
}