{
  "6_1": {
    "R": [
      [
        1.0,
        0.0,
        0.0
      ],
      [
        0.0,
        1.0,
        -4.681953183266834e-16
      ],
      [
        0.0,
        4.681953183266834e-16,
        1.0
      ]
    ],
    "t": [
      0.011491695192151112,
      -0.004923034580621675,
      -0.010440222386505544
    ],
    "K": [
      [
        1037.9786785167112,
        0.0,
        979.1776325133401
      ],
      [
        0.0,
        1049.17747430815,
        535.61425494779
      ],
      [
        0.0,
        0.0,
        1.0
      ]
    ],
    "dist": [
      -0.003632600741002459,
      -0.009960104813448912,
      0.0015677447146768284,
      0.002720999569343919,
      0.0009869836646033978
    ]
  },
  "6_2": {
    "R": [
      [
        -0.9200430966786541,
        -0.164174895834254,
        0.3557629882825988
      ],
      [
        -0.016343842716381604,
        0.9232724351372329,
        0.38379797982926706
      ],
      [
        -0.39147615388324086,
        0.3472961475363298,
        -0.8521336789771949
      ]
    ],
    "t": [
      -0.3830379166605972,
      -0.1912417278495754,
      1.3510281129721182
    ],
    "K": [
      [
        1045.6204425459098,
        0.0,
        959.1824599016153
      ],
      [
        0.0,
        1022.6432645238953,
        545.7175009411642
      ],
      [
        0.0,
        0.0,
        1.0
      ]
    ],
    "dist": [
      0.012312382888291114,
      0.012474128795489476,
      -0.0012455482507751818,
      0.0012979173861226046,
      -0.0002107900606034937
    ]
  },
  "6_3": {
    "R": [
      [
        -0.7921493825802542,
        0.08687679696986615,
        -0.6041123884063118
      ],
      [
        -0.15926123191947383,
        0.9261003219149149,
        0.3420146981586926
      ],
      [
        0.5891818188685165,
        0.36713841517518525,
        -0.719773692501636
      ]
    ],
    "t": [
      0.40868284661496035,
      -0.2711372430214812,
      1.5741628270411752
    ],
    "K": [
      [
        1050.7493897984457,
        0.0,
        960.7607305985698
      ],
      [
        0.0,
        1047.6655922156647,
        551.9819457098208
      ],
      [
        0.0,
        0.0,
        1.0
      ]
    ],
    "dist": [
      -0.005434848258390289,
      -0.009572500209198394,
      0.00023369520819812147,
      0.0022696758385673125,
      0.0013163958614982008
    ]
  },
  "6_4": {
    "R": [
      [
        0.4052607323397508,
        -0.26535362383374983,
        0.8748435249470308
      ],
      [
        0.10665609200376842,
        0.9641372240812099,
        0.2430306383554605
      ],
      [
        -0.9079582682381018,
        -0.005183382995279484,
        0.4190285380243113
      ]
    ],
    "t": [
      -0.8729849727988569,
      -0.049734400999180604,
      0.4089523376966426
    ],
    "K": [
      [
        1036.876938250089,
        0.0,
        963.0848918017031
      ],
      [
        0.0,
        1044.0930674608874,
        550.7577406806107
      ],
      [
        0.0,
        0.0,
        1.0
      ]
    ],
    "dist": [
      0.01611284432685634,
      0.013314598313940476,
      0.00018332738451268466,
      0.001787950967905431,
      -0.0014375639042855039
    ]
  }
}