{
  "6_1": {
    "R": [
      [
        1.0,
        0.0,
        0.0
      ],
      [
        0.0,
        1.0,
        -9.386073530177945e-16
      ],
      [
        0.0,
        9.386073530177945e-16,
        1.0
      ]
    ],
    "t": [
      -0.03582247034711447,
      0.008318046860954453,
      -0.05318713683727525
    ],
    "K": [
      [
        1039.5492108028438,
        0.0,
        979.3796797290602
      ],
      [
        0.0,
        1049.1770934230224,
        535.6088421615157
      ],
      [
        0.0,
        0.0,
        1.0
      ]
    ],
    "dist": [
      -0.00339295566500763,
      -0.009929902654921075,
      0.0015677447146768284,
      0.002720999569343919,
      0.000986983664663111
    ]
  },
  "6_2": {
    "R": [
      [
        -0.9168911381995934,
        -0.16529271338189783,
        0.363302848315154
      ],
      [
        -0.012073343880438611,
        0.9212891817920292,
        0.38869072265815324
      ],
      [
        -0.3989547280815189,
        0.3520007988852049,
        -0.8467175222738567
      ]
    ],
    "t": [
      -0.3691806459283665,
      -0.19823036032740052,
      1.4010536698217757
    ],
    "K": [
      [
        1042.6700170422716,
        0.0,
        967.8089557818357
      ],
      [
        0.0,
        1023.4656443443135,
        545.9495262455666
      ],
      [
        0.0,
        0.0,
        1.0
      ]
    ],
    "dist": [
      0.012312383999760942,
      0.012475081410728216,
      -0.0012455482507751818,
      0.0012979173861224652,
      -0.00021079006059792368
    ]
  },
  "6_3": {
    "R": [
      [
        -0.7952087172449978,
        0.07633356159425095,
        -0.6015116652168119
      ],
      [
        -0.15585186537400011,
        0.9329796692952625,
        0.32443663902393444
      ],
      [
        0.5859635586595892,
        0.3517415586137625,
        -0.7300168380708429
      ]
    ],
    "t": [
      0.46171424782358383,
      -0.25016633475090183,
      1.5771265781061732
    ],
    "K": [
      [
        1048.1835046222589,
        0.0,
        969.7089400219093
      ],
      [
        0.0,
        1028.5411825100075,
        551.0325489454748
      ],
      [
        0.0,
        0.0,
        1.0
      ]
    ],
    "dist": [
      -0.005434848258390289,
      -0.00957250020919841,
      0.00023369520819813342,
      0.0022696758385673125,
      0.0013163958614982008
    ]
  },
  "6_4": {
    "R": [
      [
        0.4119369996199551,
        -0.263784012862363,
        0.8721960232094261
      ],
      [
        0.1039468826923201,
        0.9645371207693028,
        0.2426173700224544
      ],
      [
        -0.9052640244274917,
        -0.009281013753476036,
        0.42474805339289035
      ]
    ],
    "t": [
      -0.9295025391149605,
      -0.05260843620533927,
      0.4346069375921289
    ],
    "K": [
      [
        1032.3140330120793,
        0.0,
        960.0559497471272
      ],
      [
        0.0,
        1048.8494853522325,
        550.3049113414337
      ],
      [
        0.0,
        0.0,
        1.0
      ]
    ],
    "dist": [
      0.01611161672427403,
      0.013314601875605327,
      0.00018332738451268466,
      0.001787950968029754,
      -0.0014375639042855013
    ]
  }
}