{
  "6_1": {
    "R": [
      [
        1.0,
        0.0,
        0.0
      ],
      [
        0.0,
        1.0,
        0.0
      ],
      [
        0.0,
        0.0,
        1.0
      ]
    ],
    "t": [
      -0.05960448498281667,
      0.021350339326272866,
      -0.03166476229006381
    ],
    "K": [
      [
        1048.3972269986596,
        0.0,
        973.8962817695427
      ],
      [
        0.0,
        1039.9880454376603,
        544.9374492488129
      ],
      [
        0.0,
        0.0,
        1.0
      ]
    ],
    "dist": [
      0.016323949733492785,
      -0.00926399637707881,
      0.0015677447146767224,
      0.002720999569343984,
      0.0009869836646041244
    ]
  },
  "6_2": {
    "R": [
      [
        -0.9187261220922521,
        -0.18792071281154815,
        0.3473155888838449
      ],
      [
        -0.044558786909461745,
        0.9232282187794268,
        0.38165975758327597
      ],
      [
        -0.3923733261760915,
        0.3351648277277427,
        -0.8565674002434036
      ]
    ],
    "t": [
      -0.32745069395929305,
      -0.16851364871448513,
      1.45162514179254
    ],
    "K": [
      [
        1045.5357624544251,
        0.0,
        963.0800317919837
      ],
      [
        0.0,
        1029.512844634817,
        527.7383440210102
      ],
      [
        0.0,
        0.0,
        1.0
      ]
    ],
    "dist": [
      -0.007430269020781437,
      0.003721826315572429,
      -0.0012455482487751836,
      0.0012979173841228952,
      -0.00021079006086855722
    ]
  },
  "6_3": {
    "R": [
      [
        -0.7803035771040757,
        0.08451807503930767,
        -0.6196636366208959
      ],
      [
        -0.16968358281443133,
        0.9250484203155287,
        0.33984246614424624
      ],
      [
        0.6019416992382582,
        0.37032703798587957,
        -0.7074772615814329
      ]
    ],
    "t": [
      0.5062874291341506,
      -0.24302367799522814,
      1.5852639857636297
    ],
    "K": [
      [
        1046.6007069606605,
        0.0,
        969.4904045302834
      ],
      [
        0.0,
        1032.5065868573627,
        548.1382571236145
      ],
      [
        0.0,
        0.0,
        1.0
      ]
    ],
    "dist": [
      -0.005348714340456388,
      -0.001529000453304524,
      0.00023369520819814443,
      0.002269675838567314,
      0.0013163958619813898
    ]
  },
  "6_4": {
    "R": [
      [
        0.42491869950510225,
        -0.2791785837468455,
        0.8611059268104001
      ],
      [
        0.09715963500386932,
        0.9598252905107072,
        0.2632402268308386
      ],
      [
        -0.9000022800731159,
        -0.028190957293821012,
        0.43497260349365735
      ]
    ],
    "t": [
      -0.9379734519322351,
      -0.04340745659389653,
      0.4509195483505045
    ],
    "K": [
      [
        1035.5307988320897,
        0.0,
        966.3286445183619
      ],
      [
        0.0,
        1038.1381743867596,
        538.7084642034944
      ],
      [
        0.0,
        0.0,
        1.0
      ]
    ],
    "dist": [
      -0.0020398578904129755,
      0.013223668404851032,
      0.0001833273852661954,
      0.0017879509697879413,
      -0.0014375639042856362
    ]
  }
}