{
  "6_1": {
    "R": [
      [
        1.0,
        0.0,
        0.0
      ],
      [
        0.0,
        1.0,
        -1.1567850108039275e-15
      ],
      [
        0.0,
        1.1567850108039275e-15,
        1.0
      ]
    ],
    "t": [
      0.1946486325587035,
      -0.044420947511939944,
      0.07211496705213319
    ],
    "K": [
      [
        1044.5091142136203,
        0.0,
        960.58472037098
      ],
      [
        0.0,
        1049.1644371954978,
        536.6801852934148
      ],
      [
        0.0,
        0.0,
        1.0
      ]
    ],
    "dist": [
      0.011161107864574695,
      0.0064517432704009085,
      0.0015677447146768284,
      0.0027209995694758376,
      0.000986983666207375
    ]
  },
  "6_2": {
    "R": [
      [
        -0.9200286900118084,
        -0.18711246886762234,
        0.34429076889951427
      ],
      [
        -0.041669772714979805,
        0.9203625883835178,
        0.38883973041070846
      ],
      [
        -0.389629105171877,
        0.3433971897064005,
        -0.854556920576218
      ]
    ],
    "t": [
      -0.5166532624251485,
      -0.21769872817571223,
      1.298003427871011
    ],
    "K": [
      [
        1037.5382305269843,
        0.0,
        961.6873547234011
      ],
      [
        0.0,
        1033.5962955114114,
        527.8660040602426
      ],
      [
        0.0,
        0.0,
        1.0
      ]
    ],
    "dist": [
      0.007643238476624058,
      -0.005039494454137733,
      -0.0012455482487833225,
      0.0012979173861006298,
      -0.0002107900625223904
    ]
  },
  "6_3": {
    "R": [
      [
        -0.7735419450162757,
        0.08233660766121435,
        -0.6283737282376473
      ],
      [
        -0.17039630349253387,
        0.9279910211996453,
        0.33135745702929337
      ],
      [
        0.6104080266973212,
        0.36339145230960374,
        -0.7038101259088274
      ]
    ],
    "t": [
      0.26989089034172287,
      -0.32467928627991416,
      1.6951696433158556
    ],
    "K": [
      [
        1045.8236153432867,
        0.0,
        969.1252117480553
      ],
      [
        0.0,
        1031.4907058403658,
        552.1257060509823
      ],
      [
        0.0,
        0.0,
        1.0
      ]
    ],
    "dist": [
      -0.005434848222239289,
      -0.009572499567263736,
      0.00023369520819812147,
      0.0022696758386025273,
      0.0013163958614982039
    ]
  },
  "6_4": {
    "R": [
      [
        0.4320299740647765,
        -0.2638552999585353,
        0.8623980995998193
      ],
      [
        0.09329239904623235,
        0.9641898370623985,
        0.24826293800280397
      ],
      [
        -0.8970209751113889,
        -0.026801843022017824,
        0.4411746042337841
      ]
    ],
    "t": [
      -0.7524072454411447,
      -0.057407420939800384,
      0.2869449368197362
    ],
    "K": [
      [
        1049.9431415563927,
        0.0,
        965.9551352932465
      ],
      [
        0.0,
        1040.6717092754147,
        539.9550587764192
      ],
      [
        0.0,
        0.0,
        1.0
      ]
    ],
    "dist": [
      -0.003248150124475887,
      0.009142422895522069,
      0.00018332738451268466,
      0.0017879509695244023,
      -0.001437563904289498
    ]
  }
}