{
  "6_1": {
    "R": [
      [
        1.0,
        0.0,
        0.0
      ],
      [
        0.0,
        1.0,
        0.0
      ],
      [
        0.0,
        0.0,
        1.0
      ]
    ],
    "t": [
      -0.028070374564423562,
      0.01686959618280267,
      -0.013448275851235883
    ],
    "K": [
      [
        1044.977113733471,
        0.0,
        979.1899961566768
      ],
      [
        0.0,
        1049.1774590829534,
        535.6140092339066
      ],
      [
        0.0,
        0.0,
        1.0
      ]
    ],
    "dist": [
      -0.0031196449121247524,
      -0.009950229177088538,
      0.0015677447146768284,
      0.002720999569343919,
      0.0009869836646043367
    ]
  },
  "6_2": {
    "R": [
      [
        -0.9187175267827198,
        -0.1696879500528749,
        0.35660076498669446
      ],
      [
        -0.01760619712124982,
        0.9196816290859713,
        0.3922699618180085
      ],
      [
        -0.39452265816448406,
        0.35410690579064846,
        -0.8479151911990979
      ]
    ],
    "t": [
      -0.3768963457169661,
      -0.19453060328727986,
      1.4738841330714643
    ],
    "K": [
      [
        1046.1177335469001,
        0.0,
        957.548856364995
      ],
      [
        0.0,
        1022.6429762996936,
        545.8060944768437
      ],
      [
        0.0,
        0.0,
        1.0
      ]
    ],
    "dist": [
      0.012312384447429978,
      0.012475065062957131,
      -0.0012455482507751818,
      0.0012979173861226063,
      -0.00021079006059792406
    ]
  },
  "6_3": {
    "R": [
      [
        -0.7915717035578902,
        0.08824520241466202,
        -0.6046710034202525
      ],
      [
        -0.15933747957377248,
        0.9254809509714335,
        0.3436518252418979
      ],
      [
        0.5899371201488657,
        0.36837181439383443,
        -0.7185237648336046
      ]
    ],
    "t": [
      0.47944989230903473,
      -0.2669992247212625,
      1.67817032538946
    ],
    "K": [
      [
        1051.3109278139184,
        0.0,
        958.7648379906975
      ],
      [
        0.0,
        1047.7657210235989,
        550.6070113660847
      ],
      [
        0.0,
        0.0,
        1.0
      ]
    ],
    "dist": [
      -0.005434848258390289,
      -0.00957250020919841,
      0.0002336952082078349,
      0.0022696758385673125,
      0.0013163958614982008
    ]
  },
  "6_4": {
    "R": [
      [
        0.41217241404482824,
        -0.2727121824110507,
        0.8693342088432163
      ],
      [
        0.11030998972921863,
        0.9620706175371528,
        0.24950317239991418
      ],
      [
        -0.9044034538116263,
        -0.006942077231161997,
        0.42662184695268274
      ]
    ],
    "t": [
      -0.9555266691733377,
      -0.042533214621083455,
      0.4666158386760645
    ],
    "K": [
      [
        1032.8982544110825,
        0.0,
        961.1552385765463
      ],
      [
        0.0,
        1043.344647222765,
        550.6991660848932
      ],
      [
        0.0,
        0.0,
        1.0
      ]
    ],
    "dist": [
      0.01611308311024718,
      0.013314603061673558,
      0.00018332738451268466,
      0.0017879509679142574,
      -0.001437563904285502
    ]
  }
}