{
  "6_1": {
    "R": [
      [
        1.0,
        0.0,
        0.0
      ],
      [
        0.0,
        1.0,
        -3.3823010983976566e-15
      ],
      [
        0.0,
        3.3823010983976566e-15,
        1.0
      ]
    ],
    "t": [
      -0.15457943755158995,
      0.0514307239969644,
      -0.0853334840067475
    ],
    "K": [
      [
        1052.192270740453,
        0.0,
        976.8247884952432
      ],
      [
        0.0,
        1034.874230076731,
        540.2244997092416
      ],
      [
        0.0,
        0.0,
        1.0
      ]
    ],
    "dist": [
      0.016347494612676435,
      0.0010382598257230892,
      0.0015677447144739108,
      0.002720999569343931,
      0.000986983664679422
    ]
  },
  "6_2": {
    "R": [
      [
        -0.918878223660331,
        -0.1973391951647358,
        0.3416431649170944
      ],
      [
        -0.0366160259732405,
        0.9048416451221912,
        0.4241707956643098
      ],
      [
        -0.39283848681711625,
        0.3772516922484258,
        -0.8386650606594609
      ]
    ],
    "t": [
      -0.2835691371935385,
      -0.2282294378975856,
      1.6299999172546087
    ],
    "K": [
      [
        1046.2675714117327,
        0.0,
        959.9940741437789
      ],
      [
        0.0,
        1023.6877724999663,
        545.9606799436577
      ],
      [
        0.0,
        0.0,
        1.0
      ]
    ],
    "dist": [
      -0.007653018762558908,
      0.006827956753226137,
      -0.0012455482507716879,
      0.001297917384125456,
      -0.00021079006061645728
    ]
  },
  "6_3": {
    "R": [
      [
        -0.7693665886110739,
        0.09598551929156232,
        -0.631555090562405
      ],
      [
        -0.16368921763462443,
        0.9260163513159284,
        0.34014637602905523
      ],
      [
        0.617479467155891,
        0.3650760156212182,
        -0.6967342466529207
      ]
    ],
    "t": [
      0.6664509780796489,
      -0.23373169833195317,
      1.689498882063953
    ],
    "K": [
      [
        1050.6070886478533,
        0.0,
        961.0247253800285
      ],
      [
        0.0,
        1030.0829517529387,
        537.418245755269
      ],
      [
        0.0,
        0.0,
        1.0
      ]
    ],
    "dist": [
      -0.005434843309999493,
      -0.009572183094742177,
      0.00023369520821231834,
      0.002269675838567501,
      0.00131639586149831
    ]
  },
  "6_4": {
    "R": [
      [
        0.43472630548118707,
        -0.2983557552726174,
        0.8497039970592017
      ],
      [
        0.1097142890762741,
        0.9540438458802122,
        0.27886038605471053
      ],
      [
        -0.893854470311116,
        -0.02800327541200301,
        0.44748184596811763
      ]
    ],
    "t": [
      -1.0915921353180762,
      -0.05435115828788192,
      0.5482648130222478
    ],
    "K": [
      [
        1036.1022198101712,
        0.0,
        969.8634086984348
      ],
      [
        0.0,
        1048.2342260985674,
        535.3427935038209
      ],
      [
        0.0,
        0.0,
        1.0
      ]
    ],
    "dist": [
      0.016108191659150475,
      0.013314603308136863,
      0.00018332738649291588,
      0.001787950967986805,
      -0.001437563904285501
    ]
  }
}