{
  "6_1": {
    "R": [
      [
        1.0,
        0.0,
        0.0
      ],
      [
        0.0,
        1.0,
        -1.683297620121907e-15
      ],
      [
        0.0,
        1.683297620121907e-15,
        1.0
      ]
    ],
    "t": [
      -0.04833387795696492,
      3.229740253985267e-07,
      -0.017909554284331775
    ],
    "K": [
      [
        1041.196819256982,
        0.0,
        979.2395874974388
      ],
      [
        0.0,
        1049.1774442754158,
        535.6622020750008
      ],
      [
        0.0,
        0.0,
        1.0
      ]
    ],
    "dist": [
      -0.0032517627112582516,
      -0.009955639484715388,
      0.0015677447146768284,
      0.002720999569343919,
      0.0009869836646071103
    ]
  },
  "6_2": {
    "R": [
      [
        -0.9169498135773569,
        -0.1676152118381278,
        0.3620886357522282
      ],
      [
        -0.014432621779655042,
        0.9208238981977559,
        0.38971149320549187
      ],
      [
        -0.39874144355586577,
        0.352119992713206,
        -0.8467684287469839
      ]
    ],
    "t": [
      -0.33731407941275926,
      -0.19308314158327,
      1.370283248570519
    ],
    "K": [
      [
        1046.0128916832257,
        0.0,
        964.903542100513
      ],
      [
        0.0,
        1024.4391510754488,
        545.6740916238114
      ],
      [
        0.0,
        0.0,
        1.0
      ]
    ],
    "dist": [
      0.012312265095370808,
      0.012472704476366815,
      -0.0012455482507751818,
      0.001297917386122529,
      -0.00021079006059959588
    ]
  },
  "6_3": {
    "R": [
      [
        -0.7949317486862288,
        0.07874192434031316,
        -0.6015673065267414
      ],
      [
        -0.15723312698862862,
        0.9309264696267137,
        0.3296265340134492
      ],
      [
        0.5859703565096376,
        0.35661690579601835,
        -0.7276421674095322
      ]
    ],
    "t": [
      0.4480483814706836,
      -0.24980286504465607,
      1.5330155806928112
    ],
    "K": [
      [
        1046.7927862466559,
        0.0,
        970.8163565727381
      ],
      [
        0.0,
        1032.4782885487057,
        551.8695555567308
      ],
      [
        0.0,
        0.0,
        1.0
      ]
    ],
    "dist": [
      -0.005434848258390289,
      -0.00957250020919841,
      0.0002336952081981215,
      0.0022696758385673125,
      0.0013163958614982008
    ]
  },
  "6_4": {
    "R": [
      [
        0.41592157362343535,
        -0.26414215489405796,
        0.8701943269192973
      ],
      [
        0.10011494772326769,
        0.9643712647456428,
        0.24487764490711852
      ],
      [
        -0.9038729124367944,
        -0.014730435866359998,
        0.4275473920189602
      ]
    ],
    "t": [
      -0.8998078771758575,
      -0.05431642621505342,
      0.4590310492248687
    ],
    "K": [
      [
        1032.4504160824717,
        0.0,
        964.4192265243386
      ],
      [
        0.0,
        1047.5145716561863,
        547.6095980502718
      ],
      [
        0.0,
        0.0,
        1.0
      ]
    ],
    "dist": [
      0.01611306518079895,
      0.013314603302055646,
      0.00018332738451268466,
      0.001787950967901877,
      -0.001437563904285501
    ]
  }
}