{
  "6_1": {
    "R": [
      [
        1.0,
        0.0,
        0.0
      ],
      [
        0.0,
        1.0,
        1.1434099322432786e-15
      ],
      [
        0.0,
        -1.1434099322432786e-15,
        1.0
      ]
    ],
    "t": [
      -0.07735805517609244,
      0.031491793019902244,
      -0.05016085365377838
    ],
    "K": [
      [
        1050.970142750956,
        0.0,
        969.5375686476843
      ],
      [
        0.0,
        1033.7813345140523,
        540.8121885401949
      ],
      [
        0.0,
        0.0,
        1.0
      ]
    ],
    "dist": [
      0.01635251925154816,
      0.0028791436336051282,
      0.0015677447146567446,
      0.0027209995693440805,
      0.0009869836647124557
    ]
  },
  "6_2": {
    "R": [
      [
        -0.9233271270262366,
        -0.19183104790674702,
        0.3326678006006519
      ],
      [
        -0.04175711454415604,
        0.9113078023283657,
        0.40960277440514326
      ],
      [
        -0.3817372917104405,
        0.36430610545864284,
        -0.849445526001011
      ]
    ],
    "t": [
      -0.3031179328976737,
      -0.19700708630611036,
      1.4696912075552195
    ],
    "K": [
      [
        1045.9738616563395,
        0.0,
        961.5252970553221
      ],
      [
        0.0,
        1024.307429861035,
        536.4433600909698
      ],
      [
        0.0,
        0.0,
        1.0
      ]
    ],
    "dist": [
      -0.007433895221574366,
      0.003378793297429764,
      -0.0012455482506076817,
      0.0012979173841533506,
      -0.0002107900609560552
    ]
  },
  "6_3": {
    "R": [
      [
        -0.7688111684463792,
        0.0933008341290723,
        -0.6326328647983225
      ],
      [
        -0.16826358605019165,
        0.9249219548515842,
        0.3408911014430474
      ],
      [
        0.6169414501244369,
        0.3685299604975742,
        -0.6953911958991237
      ]
    ],
    "t": [
      0.5502562050646321,
      -0.2338466576184395,
      1.57771292259345
    ],
    "K": [
      [
        1050.6399176598113,
        0.0,
        964.1233447110571
      ],
      [
        0.0,
        1030.528628727389,
        539.2609966191467
      ],
      [
        0.0,
        0.0,
        1.0
      ]
    ],
    "dist": [
      -0.005434848257220835,
      -0.009561234185315215,
      0.0002336952093643652,
      0.0022696758385673125,
      0.0013163958615253536
    ]
  },
  "6_4": {
    "R": [
      [
        0.41980813445324955,
        -0.29250064777671997,
        0.8591882804700501
      ],
      [
        0.10739615268640623,
        0.9560046157062432,
        0.2729857892574568
      ],
      [
        -0.9012364820817234,
        -0.02232813916468851,
        0.43275195847783504
      ]
    ],
    "t": [
      -0.9600005064432756,
      -0.04893086313696278,
      0.4737912026267218
    ],
    "K": [
      [
        1044.8906996642454,
        0.0,
        964.8502783190817
      ],
      [
        0.0,
        1045.149125073983,
        538.6964575311948
      ],
      [
        0.0,
        0.0,
        1.0
      ]
    ],
    "dist": [
      0.015073481814090253,
      0.013305779280168639,
      0.00018332738462640378,
      0.0017879509680277842,
      -0.0014375639042859974
    ]
  }
}