{
  "6_1": {
    "R": [
      [
        1.0,
        0.0,
        0.0
      ],
      [
        0.0,
        1.0,
        -3.2888560689998914e-13
      ],
      [
        0.0,
        3.2888560689998914e-13,
        1.0
      ]
    ],
    "t": [
      -0.7453211277301388,
      -0.22772488526386436,
      -0.12719362543342919
    ],
    "K": [
      [
        1046.0187754819256,
        0.0,
        965.5647133944012
      ],
      [
        0.0,
        1033.1916944965765,
        543.576847196583
      ],
      [
        0.0,
        0.0,
        1.0
      ]
    ],
    "dist": [
      -0.003621465717469132,
      -0.00807420640726138,
      0.0015677447146531958,
      0.002720999570205316,
      0.0009869836648406958
    ]
  },
  "6_2": {
    "R": [
      [
        0.33145636985091015,
        -0.1108385263975464,
        0.9369372956347062
      ],
      [
        0.392540590021916,
        0.9192412799132017,
        -0.030122325421261115
      ],
      [
        -0.8579327246763016,
        0.37777015547758497,
        0.34819699820638683
      ]
    ],
    "t": [
      -5.7976437166966726,
      2.2671070038995627,
      10.639624305056653
    ],
    "K": [
      [
        1038.0478175201738,
        0.0,
        967.2250840883853
      ],
      [
        0.0,
        1039.925524477878,
        540.1521132546544
      ],
      [
        0.0,
        0.0,
        1.0
      ]
    ],
    "dist": [
      0.004835159530297943,
      0.0010418339833740196,
      -0.0012455482493434534,
      0.001297917384889083,
      -0.00021079006181479838
    ]
  },
  "6_3": {
    "R": [
      [
        -0.6414857218670168,
        0.24445460326589435,
        0.7271437379107838
      ],
      [
        0.40880271312862954,
        0.911001134283817,
        0.05438083368495633
      ],
      [
        -0.6491351249003737,
        0.3321428612445459,
        -0.6843279252996056
      ]
    ],
    "t": [
      -4.223504425447928,
      0.19251065274400048,
      20.970581588187088
    ],
    "K": [
      [
        1035.816978094692,
        0.0,
        962.3342554198794
      ],
      [
        0.0,
        1045.397318024192,
        547.4896204253122
      ],
      [
        0.0,
        0.0,
        1.0
      ]
    ],
    "dist": [
      0.004642614037124866,
      0.0020868656511552125,
      0.00023369520986398453,
      0.002269675839136027,
      0.0013163958627166975
    ]
  },
  "6_4": {
    "R": [
      [
        0.6476120566209458,
        -0.46645926587289294,
        0.6025067446929625
      ],
      [
        0.43964602329517527,
        0.8745728181870341,
        0.20453302884650965
      ],
      [
        -0.6223423481653222,
        0.13243163885458314,
        0.7714608627210859
      ]
    ],
    "t": [
      1.123355024042082,
      0.11315150870817764,
      0.513803107892953
    ],
    "K": [
      [
        1044.401106671325,
        0.0,
        969.5783637253289
      ],
      [
        0.0,
        1028.954623431449,
        544.3099849521815
      ],
      [
        0.0,
        0.0,
        1.0
      ]
    ],
    "dist": [
      -0.0006765867750713194,
      -0.004519433309108838,
      0.00018332738583824357,
      0.0017879509686514706,
      -0.0014375639062387793
    ]
  }
}