{
  "6_1": {
    "R": [
      [
        1.0,
        0.0,
        0.0
      ],
      [
        0.0,
        1.0,
        2.972881767137147e-15
      ],
      [
        0.0,
        -2.972881767137147e-15,
        1.0
      ]
    ],
    "t": [
      -0.23226324726008277,
      0.09399224853480412,
      -0.1174342339980916
    ],
    "K": [
      [
        1049.7872853343622,
        0.0,
        977.5047778766672
      ],
      [
        0.0,
        1042.1221555273844,
        542.8144555140533
      ],
      [
        0.0,
        0.0,
        1.0
      ]
    ],
    "dist": [
      0.016361270868767833,
      0.009975197717580663,
      0.001567744714057331,
      0.0027209995693439205,
      0.0009869836664292634
    ]
  },
  "6_2": {
    "R": [
      [
        -0.9219607154839429,
        -0.19282538374391528,
        0.33586725128888045
      ],
      [
        -0.03651059676796256,
        0.9066516053953211,
        0.4202973266126427
      ],
      [
        -0.3855585758714017,
        0.37523491018040817,
        -0.8429373326374373
      ]
    ],
    "t": [
      -0.22116214029127756,
      -0.19199761546179117,
      1.6962044309888147
    ],
    "K": [
      [
        1045.4284122742367,
        0.0,
        954.8041804495235
      ],
      [
        0.0,
        1029.0082407260795,
        544.3782934156155
      ],
      [
        0.0,
        0.0,
        1.0
      ]
    ],
    "dist": [
      -0.007398201544072595,
      0.00697042149149281,
      -0.001245548250775173,
      0.0012979173860148128,
      -0.0002107900609412069
    ]
  },
  "6_3": {
    "R": [
      [
        -0.7649828606099917,
        0.09731866447385723,
        -0.6366555587741137
      ],
      [
        -0.16059582914929188,
        0.9284700718565044,
        0.3348914829114488
      ],
      [
        0.6237068242634561,
        0.35843047193535676,
        -0.6946347199466723
      ]
    ],
    "t": [
      0.7485539843615999,
      -0.17985716120959064,
      1.6592473251593345
    ],
    "K": [
      [
        1051.387725687699,
        0.0,
        962.6928642229152
      ],
      [
        0.0,
        1028.8903092016917,
        534.1605098159617
      ],
      [
        0.0,
        0.0,
        1.0
      ]
    ],
    "dist": [
      -0.005434848253273578,
      -0.00957243941097441,
      0.00023369521018663426,
      0.002269675838567337,
      0.0013163958614988217
    ]
  },
  "6_4": {
    "R": [
      [
        0.43264854835007155,
        -0.2900286465651574,
        0.853638458471828
      ],
      [
        0.10737671169730888,
        0.9566802854279945,
        0.27061609940741527
      ],
      [
        -0.8951455051530164,
        -0.02542077191971223,
        0.4450486590917415
      ]
    ],
    "t": [
      -1.1568038208058895,
      -0.025923729313127232,
      0.5953271435244138
    ],
    "K": [
      [
        1038.994742908182,
        0.0,
        966.6583176340189
      ],
      [
        0.0,
        1048.7631508506145,
        539.7607636181849
      ],
      [
        0.0,
        0.0,
        1.0
      ]
    ],
    "dist": [
      0.016109887268166003,
      0.013314603302440818,
      0.00018332738453787878,
      0.0017879509679467594,
      -0.001437563904285501
    ]
  }
}