{
  "6_1": {
    "R": [
      [
        1.0,
        0.0,
        0.0
      ],
      [
        0.0,
        1.0,
        4.4789145741840054e-15
      ],
      [
        0.0,
        -4.4789145741840054e-15,
        1.0
      ]
    ],
    "t": [
      -0.24745374369614215,
      0.06843236858697985,
      -0.12608416948661266
    ],
    "K": [
      [
        1050.3946285379332,
        0.0,
        979.3250755150286
      ],
      [
        0.0,
        1048.2133501904743,
        536.1428345261847
      ],
      [
        0.0,
        0.0,
        1.0
      ]
    ],
    "dist": [
      0.01634227828610647,
      -0.004912842517318465,
      0.0015677447146768284,
      0.002720999569343919,
      0.0009869836646128353
    ]
  },
  "6_2": {
    "R": [
      [
        -0.9182176469583391,
        -0.1846695801646741,
        0.350390494985372
      ],
      [
        -0.03176575746159348,
        0.9161399760186177,
        0.3995978991354899
      ],
      [
        -0.3948003159410871,
        0.3557874231931322,
        -0.8470820621583299
      ]
    ],
    "t": [
      -0.20837957317751457,
      -0.196645772795653,
      1.6578912337303764
    ],
    "K": [
      [
        1042.6993981708363,
        0.0,
        954.2573764199307
      ],
      [
        0.0,
        1024.125386295128,
        544.4423139947423
      ],
      [
        0.0,
        0.0,
        1.0
      ]
    ],
    "dist": [
      0.00012556565036766118,
      0.007794595750112362,
      -0.0012455482507751814,
      0.001297917384791814,
      -0.0002107900609496096
    ]
  },
  "6_3": {
    "R": [
      [
        -0.7740146384211662,
        0.08127077351369294,
        -0.6279302516062093
      ],
      [
        -0.15809618516760462,
        0.9355091752971509,
        0.3159559766332872
      ],
      [
        0.613112498441519,
        0.3438279283410961,
        -0.7112491967991728
      ]
    ],
    "t": [
      0.7442443504281062,
      -0.18620760114232437,
      1.6188392700989727
    ],
    "K": [
      [
        1049.1046648276376,
        0.0,
        959.8505986812759
      ],
      [
        0.0,
        1032.8147499436227,
        537.1671764076516
      ],
      [
        0.0,
        0.0,
        1.0
      ]
    ],
    "dist": [
      -0.005434848258389682,
      -0.009572500200916077,
      0.00023369520819883113,
      0.0022696758385673125,
      0.0013163958614982013
    ]
  },
  "6_4": {
    "R": [
      [
        0.43472704408870955,
        -0.2781767273518061,
        0.8565220986628029
      ],
      [
        0.11431231459003843,
        0.9604489522395918,
        0.2539104268732155
      ],
      [
        -0.8932777238188364,
        -0.012470705742233204,
        0.4493321595738829
      ]
    ],
    "t": [
      -1.1394841000760036,
      -0.04981135415381222,
      0.588295196950242
    ],
    "K": [
      [
        1032.3296861743188,
        0.0,
        965.0468530139725
      ],
      [
        0.0,
        1048.369991925981,
        549.1136719345043
      ],
      [
        0.0,
        0.0,
        1.0
      ]
    ],
    "dist": [
      0.016107268070684508,
      0.013314603308059073,
      0.00018332738451268466,
      0.0017879509682454302,
      -0.001437563904285501
    ]
  }
}