{
  "6_1": {
    "R": [
      [
        1.0,
        0.0,
        0.0
      ],
      [
        0.0,
        1.0,
        0.0
      ],
      [
        0.0,
        0.0,
        1.0
      ]
    ],
    "t": [
      -0.24196307901319403,
      -0.15402018760677907,
      -0.25135102347868793
    ],
    "K": [
      [
        1045.0939083361895,
        0.0,
        967.8825039517856
      ],
      [
        0.0,
        1035.273033436061,
        544.6266916712835
      ],
      [
        0.0,
        0.0,
        1.0
      ]
    ],
    "dist": [
      0.009291950990787229,
      0.006283676658195629,
      0.0015677447136850284,
      0.002720999570189195,
      0.0009869836663198037
    ]
  },
  "6_2": {
    "R": [
      [
        0.6802705024749809,
        -0.273678239527109,
        0.6799501927875153
      ],
      [
        0.3327698633389843,
        0.9418768262195636,
        0.04617642562948898
      ],
      [
        -0.6530668124440184,
        0.1948544724657464,
        0.7318028922082127
      ]
    ],
    "t": [
      -1.1101466433598304,
      0.42380475035704507,
      1.1017840350962789
    ],
    "K": [
      [
        1036.3334845561137,
        0.0,
        964.6947780735945
      ],
      [
        0.0,
        1035.3409782093267,
        537.4289547264726
      ],
      [
        0.0,
        0.0,
        1.0
      ]
    ],
    "dist": [
      0.0024965905214899943,
      0.002224142404792902,
      -0.0012455482496510036,
      0.0012979173851751322,
      -0.000210790061649891
    ]
  },
  "6_3": {
    "R": [
      [
        -0.29337114082951726,
        -0.08018992142060474,
        0.9526294926312877
      ],
      [
        0.3002599725881365,
        0.9383217377260675,
        0.17145339125285386
      ],
      [
        -0.9076217949067547,
        0.33633598233506024,
        -0.2511986950542359
      ]
    ],
    "t": [
      -2.3697073058464255,
      -0.2928123275454067,
      4.235620267551882
    ],
    "K": [
      [
        1040.6939953980343,
        0.0,
        966.8848208313102
      ],
      [
        0.0,
        1042.4298924560956,
        543.5044498937032
      ],
      [
        0.0,
        0.0,
        1.0
      ]
    ],
    "dist": [
      0.003221288667396065,
      -0.0027698000441605678,
      0.00023369520875553962,
      0.0022696758396213187,
      0.0013163958623233145
    ]
  },
  "6_4": {
    "R": [
      [
        0.6897494848631087,
        -0.5093599302727108,
        0.51458537636009
      ],
      [
        0.45181114539732525,
        0.8581467245653036,
        0.2438255278115849
      ],
      [
        -0.5657847090774311,
        0.06431687609344972,
        0.8220407547218973
      ]
    ],
    "t": [
      0.5046592404611184,
      -0.02892222053959313,
      -0.32161924647974943
    ],
    "K": [
      [
        1044.2008523188806,
        0.0,
        968.648289124647
      ],
      [
        0.0,
        1043.5714262842896,
        542.2793058472612
      ],
      [
        0.0,
        0.0,
        1.0
      ]
    ],
    "dist": [
      -0.0018138391569797862,
      -0.002269669350752847,
      0.00018332738541130145,
      0.0017879509686551743,
      -0.0014375639058186033
    ]
  }
}