{
  "6_1": {
    "R": [
      [
        1.0,
        0.0,
        0.0
      ],
      [
        0.0,
        1.0,
        1.8088754304517143e-15
      ],
      [
        0.0,
        -1.8088754304517143e-15,
        1.0
      ]
    ],
    "t": [
      -0.22831180103570953,
      0.08474824930299614,
      -0.10823726685168969
    ],
    "K": [
      [
        1045.963051321584,
        0.0,
        979.3721325185525
      ],
      [
        0.0,
        1048.7923195323156,
        536.5135433655546
      ],
      [
        0.0,
        0.0,
        1.0
      ]
    ],
    "dist": [
      0.016365599330753728,
      0.003250710925975937,
      0.0015677447146768284,
      0.002720999569343919,
      0.0009869836647856754
    ]
  },
  "6_2": {
    "R": [
      [
        -0.9206771350781479,
        -0.1797139597871239,
        0.3464917107261384
      ],
      [
        -0.029101358820221787,
        0.9168343955417392,
        0.3982057283194588
      ],
      [
        -0.3892386464100278,
        0.35653552951879275,
        -0.8493383850572418
      ]
    ],
    "t": [
      -0.23184625913153123,
      -0.17983423411137148,
      1.6816883016194184
    ],
    "K": [
      [
        1041.3271875782193,
        0.0,
        954.4102492405347
      ],
      [
        0.0,
        1025.224036562126,
        545.8513841021064
      ],
      [
        0.0,
        0.0,
        1.0
      ]
    ],
    "dist": [
      -0.0033450727601440668,
      0.01181327366821721,
      -0.0012455482507751818,
      0.0012979173852211714,
      -0.0002107900606496684
    ]
  },
  "6_3": {
    "R": [
      [
        -0.7730048656977033,
        0.08110158286686821,
        -0.6291947320696225
      ],
      [
        -0.15371796795232306,
        0.9382948880900613,
        0.30979588330490904
      ],
      [
        0.61549513721579,
        0.33619226082786136,
        -0.7128397434368872
      ]
    ],
    "t": [
      0.728867415024339,
      -0.16428230423933654,
      1.666951495317405
    ],
    "K": [
      [
        1049.8518316705688,
        0.0,
        963.2190971959931
      ],
      [
        0.0,
        1032.363352937682,
        532.2242511901962
      ],
      [
        0.0,
        0.0,
        1.0
      ]
    ],
    "dist": [
      -0.005434848256684624,
      -0.009572498351332701,
      0.00023369521019784932,
      0.0022696758385673125,
      0.0013163958614982195
    ]
  },
  "6_4": {
    "R": [
      [
        0.4304329134099553,
        -0.27503430249510114,
        0.8596997379925455
      ],
      [
        0.11116419030749601,
        0.9613484492341733,
        0.25189617295292405
      ],
      [
        -0.8957510981554513,
        -0.012856578319437248,
        0.4443699793496625
      ]
    ],
    "t": [
      -1.1439525100197923,
      -0.026309232962133656,
      0.5886524942499636
    ],
    "K": [
      [
        1035.010907912704,
        0.0,
        962.8566752245887
      ],
      [
        0.0,
        1045.854003394772,
        548.7027545006271
      ],
      [
        0.0,
        0.0,
        1.0
      ]
    ],
    "dist": [
      0.015779170494074853,
      0.01331458840942501,
      0.00018332738451268466,
      0.001787950968552096,
      -0.001437563904285501
    ]
  }
}