{
  "6_1": {
    "R": [
      [
        1.0,
        0.0,
        0.0
      ],
      [
        0.0,
        1.0,
        0.0
      ],
      [
        0.0,
        0.0,
        1.0
      ]
    ],
    "t": [
      -0.5203056486956122,
      0.4384150179986179,
      0.2582912613806231
    ],
    "K": [
      [
        1038.1537410576004,
        0.0,
        965.5163678558414
      ],
      [
        0.0,
        1049.169011823048,
        547.0957663410192
      ],
      [
        0.0,
        0.0,
        1.0
      ]
    ],
    "dist": [
      0.0009970104313784126,
      -0.005138933762847929,
      0.0015677447140535756,
      0.0027209995713369374,
      0.0009869836651020367
    ]
  },
  "6_2": {
    "R": [
      [
        -0.44008753522691424,
        0.18316723409912317,
        0.8790749260958229
      ],
      [
        0.5353327226584154,
        0.8394967836714612,
        0.09308075126684309
      ],
      [
        -0.7209312293062548,
        0.5115612520097166,
        -0.4675074844889904
      ]
    ],
    "t": [
      -1.55424401770401,
      0.6607967297840116,
      3.8129584905487683
    ],
    "K": [
      [
        1034.4528864165175,
        0.0,
        963.7499679415487
      ],
      [
        0.0,
        1040.5600292645154,
        537.4648201854849
      ],
      [
        0.0,
        0.0,
        1.0
      ]
    ],
    "dist": [
      -0.0017129751280216458,
      -0.0019070514842322679,
      -0.0012455482497183783,
      0.001297917385333476,
      -0.00021079006200242281
    ]
  },
  "6_3": {
    "R": [
      [
        -0.9244016790540313,
        0.3454070621499446,
        0.1617884333907462
      ],
      [
        0.3736131700441197,
        0.9053686875937768,
        0.20179380241797462
      ],
      [
        -0.07677717715357416,
        0.24698481925346177,
        -0.9659729624200997
      ]
    ],
    "t": [
      0.1661526291493907,
      0.191915137855139,
      5.283768352208519
    ],
    "K": [
      [
        1039.0152541483499,
        0.0,
        965.0492486751489
      ],
      [
        0.0,
        1047.5590632553437,
        542.2523801165722
      ],
      [
        0.0,
        0.0,
        1.0
      ]
    ],
    "dist": [
      0.005134034957623086,
      8.263447324562618e-05,
      0.00023369520978382976,
      0.0022696758395778054,
      0.0013163958624519585
    ]
  },
  "6_4": {
    "R": [
      [
        0.12152420844544587,
        -0.35259030062074814,
        0.9278534079637137
      ],
      [
        0.47145064413962967,
        0.8431128230949309,
        0.2586407888814591
      ],
      [
        -0.8734793397110407,
        0.4060059697111185,
        0.26868754280185414
      ]
    ],
    "t": [
      -0.44187551191781216,
      0.46452378882396106,
      2.274805259691736
    ],
    "K": [
      [
        1044.2922782095889,
        0.0,
        968.0819291769608
      ],
      [
        0.0,
        1033.7187112955658,
        543.1206778660248
      ],
      [
        0.0,
        0.0,
        1.0
      ]
    ],
    "dist": [
      -0.0037694479615660937,
      -0.004999113068502857,
      0.0001833273855209706,
      0.0017879509689784426,
      -0.0014375639061757713
    ]
  }
}