{
  "6_1": {
    "R": [
      [
        1.0,
        0.0,
        0.0
      ],
      [
        0.0,
        1.0,
        -3.743189183455371e-15
      ],
      [
        0.0,
        3.743189183455371e-15,
        1.0
      ]
    ],
    "t": [
      -0.21561473330930575,
      0.06900722788077185,
      -0.10062555628012469
    ],
    "K": [
      [
        1051.0503129373617,
        0.0,
        979.1433433108103
      ],
      [
        0.0,
        1041.2033690222763,
        538.1230303182779
      ],
      [
        0.0,
        0.0,
        1.0
      ]
    ],
    "dist": [
      0.016345972140703397,
      -0.002018521271728725,
      0.0015677447146759864,
      0.002720999569343919,
      0.0009869836646369855
    ]
  },
  "6_2": {
    "R": [
      [
        -0.9175852322826215,
        -0.18877658872035527,
        0.3498581727614113
      ],
      [
        -0.030514972200237217,
        0.9109095364735527,
        0.41147618744364306
      ],
      [
        -0.3963662169868497,
        0.3668885606184024,
        -0.8415976509703972
      ]
    ],
    "t": [
      -0.2353194205383713,
      -0.20082211659168464,
      1.645593113858894
    ],
    "K": [
      [
        1046.1454978150755,
        0.0,
        954.8385465887791
      ],
      [
        0.0,
        1023.6825050313322,
        545.2923464223655
      ],
      [
        0.0,
        0.0,
        1.0
      ]
    ],
    "dist": [
      -0.007613242006602758,
      0.012409431229228843,
      -0.0012455482507751818,
      0.0012979173841226564,
      -0.00021079006060680333
    ]
  },
  "6_3": {
    "R": [
      [
        -0.7762605776275339,
        0.08730853974892491,
        -0.624337035989599
      ],
      [
        -0.15607895663144086,
        0.9329130668923036,
        0.32451898082922404
      ],
      [
        0.6107854573565159,
        0.349357164673215,
        -0.7105566103930664
      ]
    ],
    "t": [
      0.7040836559832552,
      -0.18862700033473767,
      1.648952674353524
    ],
    "K": [
      [
        1049.9072717890417,
        0.0,
        964.4859691489929
      ],
      [
        0.0,
        1030.9754530069354,
        532.1376634427094
      ],
      [
        0.0,
        0.0,
        1.0
      ]
    ],
    "dist": [
      -0.005434848257246894,
      -0.009572500139185456,
      0.00023369521018186203,
      0.0022696758385673146,
      0.0013163958614982013
    ]
  },
  "6_4": {
    "R": [
      [
        0.4392719450681113,
        -0.2886705596673395,
        0.850711153246167
      ],
      [
        0.11880651392049206,
        0.9573159812703673,
        0.26349786385170926
      ],
      [
        -0.8904634582767214,
        -0.014677192704974085,
        0.4548179960029758
      ]
    ],
    "t": [
      -1.1182653340028115,
      -0.04710241208190518,
      0.5765080873289129
    ],
    "K": [
      [
        1032.3025509391446,
        0.0,
        968.2865556357702
      ],
      [
        0.0,
        1048.7419619072234,
        548.9817941445061
      ],
      [
        0.0,
        0.0,
        1.0
      ]
    ],
    "dist": [
      0.01610858284438834,
      0.013314603308142787,
      0.00018332738451272272,
      0.0017879509682571326,
      -0.001437563904285501
    ]
  }
}