{
  "6_1": {
    "R": [
      [
        1.0,
        0.0,
        0.0
      ],
      [
        0.0,
        1.0,
        6.237230620831563e-16
      ],
      [
        0.0,
        -6.237230620831563e-16,
        1.0
      ]
    ],
    "t": [
      -0.07873783492566704,
      0.02248068506454815,
      -0.04233076493630074
    ],
    "K": [
      [
        1044.4667879717729,
        0.0,
        977.9455321884049
      ],
      [
        0.0,
        1049.1774658702434,
        535.6151981516533
      ],
      [
        0.0,
        0.0,
        1.0
      ]
    ],
    "dist": [
      -0.002707285808125563,
      -0.004295846568602345,
      0.0015677447146768284,
      0.0027209995693439197,
      0.0009869836665753625
    ]
  },
  "6_2": {
    "R": [
      [
        -0.9205220149037693,
        -0.17021774556031433,
        0.35166054537560615
      ],
      [
        -0.024253557759685462,
        0.9232606319703897,
        0.38340783819535357
      ],
      [
        -0.38993715521030087,
        0.34440633639641544,
        -0.854010123146381
      ]
    ],
    "t": [
      -0.33959792401351135,
      -0.18152867802054412,
      1.543306031413822
    ],
    "K": [
      [
        1045.309147454587,
        0.0,
        956.5039705560955
      ],
      [
        0.0,
        1022.7029073632365,
        528.6967861295249
      ],
      [
        0.0,
        0.0,
        1.0
      ]
    ],
    "dist": [
      0.012312384618037518,
      0.012475071026576495,
      -0.001245548250775087,
      0.0012979173861220712,
      -0.0002107900605980448
    ]
  },
  "6_3": {
    "R": [
      [
        -0.7914688363769145,
        0.08996815432559856,
        -0.6045517448915504
      ],
      [
        -0.16104963483730322,
        0.9234559234573971,
        0.34827025791792304
      ],
      [
        0.5896101221679834,
        0.37300789353402514,
        -0.7163972467830715
      ]
    ],
    "t": [
      0.5292690576115516,
      -0.269776285362367,
      1.6680582065900318
    ],
    "K": [
      [
        1045.3093396541196,
        0.0,
        970.8881475983296
      ],
      [
        0.0,
        1027.8189587878494,
        552.1059346756275
      ],
      [
        0.0,
        0.0,
        1.0
      ]
    ],
    "dist": [
      -0.005434848258390289,
      -0.00957250020919841,
      0.00023369520819812147,
      0.0022696758385673125,
      0.0013163958614982008
    ]
  },
  "6_4": {
    "R": [
      [
        0.4155635265675012,
        -0.2734565953842494,
        0.8674839743924015
      ],
      [
        0.10701837767586889,
        0.9618112978148232,
        0.2519247789229768
      ],
      [
        -0.9032463795811235,
        -0.011854021959680508,
        0.42895857601518184
      ]
    ],
    "t": [
      -1.0222683508219739,
      -0.05535921766000984,
      0.5037834717315414
    ],
    "K": [
      [
        1032.285790117594,
        0.0,
        971.001068775484
      ],
      [
        0.0,
        1048.8504320932439,
        550.7906662248138
      ],
      [
        0.0,
        0.0,
        1.0
      ]
    ],
    "dist": [
      0.01611302518742535,
      0.0133146029224994,
      0.00018332738451268466,
      0.0017879509679302468,
      -0.0014375639042855017
    ]
  }
}