{
  "6_1": {
    "R": [
      [
        1.0,
        0.0,
        0.0
      ],
      [
        0.0,
        1.0,
        1.0484831124425248e-15
      ],
      [
        0.0,
        -1.0484831124425248e-15,
        1.0
      ]
    ],
    "t": [
      -0.1411151390161054,
      0.10330337617703278,
      0.10200004730147667
    ],
    "K": [
      [
        1034.2783926210116,
        0.0,
        960.3535158262174
      ],
      [
        0.0,
        1049.1774743495419,
        535.6073450910441
      ],
      [
        0.0,
        0.0,
        1.0
      ]
    ],
    "dist": [
      -0.0028192576577862178,
      -0.0031452449834253717,
      0.0015677447146768284,
      0.002720999569343919,
      0.000986983666532707
    ]
  },
  "6_2": {
    "R": [
      [
        -0.9214853101244236,
        -0.15702342686260085,
        0.35525830974267203
      ],
      [
        -0.008401451586021416,
        0.9224839889972052,
        0.38594391516780235
      ],
      [
        -0.388322338832242,
        0.3526569628692018,
        -0.8513746694045624
      ]
    ],
    "t": [
      -0.32754449864265706,
      -0.11680105064861189,
      1.8227994151070468
    ],
    "K": [
      [
        1040.4117240841024,
        0.0,
        954.2631312406348
      ],
      [
        0.0,
        1022.6794404605145,
        545.9612274494194
      ],
      [
        0.0,
        0.0,
        1.0
      ]
    ],
    "dist": [
      0.012294340727686166,
      0.012475085046473992,
      -0.0012455482507751818,
      0.0012979173843215917,
      -0.0002107900605979157
    ]
  },
  "6_3": {
    "R": [
      [
        -0.7973378619832411,
        0.08565128429460292,
        -0.597424632356818
      ],
      [
        -0.15222250658645298,
        0.9293361347592316,
        0.3363965771515934
      ],
      [
        0.5840210975097828,
        0.3591632026383768,
        -0.7279568335650218
      ]
    ],
    "t": [
      0.6213902320909621,
      -0.18940419745791046,
      1.9934580183511297
    ],
    "K": [
      [
        1041.8021907142117,
        0.0,
        963.1058179657435
      ],
      [
        0.0,
        1047.6005091907343,
        549.8452272258276
      ],
      [
        0.0,
        0.0,
        1.0
      ]
    ],
    "dist": [
      0.01398459949396847,
      0.010242760234539575,
      0.00023369520819878158,
      0.0022696758386128737,
      0.0013163958634843343
    ]
  },
  "6_4": {
    "R": [
      [
        0.4263484283928596,
        -0.25776681861961814,
        0.8670543724736411
      ],
      [
        0.10225214668854773,
        0.9661280799117555,
        0.23694098780837464
      ],
      [
        -0.8987611006850055,
        -0.01236124689283076,
        0.43826439904552145
      ]
    ],
    "t": [
      -1.1447295585276698,
      0.04829975501747499,
      0.7007377393620753
    ],
    "K": [
      [
        1034.321159193325,
        0.0,
        957.0318727091237
      ],
      [
        0.0,
        1028.9983431614176,
        550.8942119996032
      ],
      [
        0.0,
        0.0,
        1.0
      ]
    ],
    "dist": [
      -0.0038868247926200404,
      -0.006670085120085992,
      0.00018332738451268466,
      0.001787950969900983,
      -0.0014375639062533228
    ]
  }
}