{
  "6_1": {
    "R": [
      [
        1.0,
        0.0,
        0.0
      ],
      [
        0.0,
        1.0,
        8.359025594502518e-16
      ],
      [
        0.0,
        -8.359025594502518e-16,
        1.0
      ]
    ],
    "t": [
      0.06374293541571394,
      -0.007094781231436924,
      0.02447602766061281
    ],
    "K": [
      [
        1035.6365354126788,
        0.0,
        974.4706267950547
      ],
      [
        0.0,
        1049.1774594085475,
        535.685090559202
      ],
      [
        0.0,
        0.0,
        1.0
      ]
    ],
    "dist": [
      -0.0036033695107421247,
      -0.009318936501126366,
      0.0015677447146768284,
      0.0027209995693439192,
      0.0009869836665028558
    ]
  },
  "6_2": {
    "R": [
      [
        -0.9185749750734069,
        -0.16967296626414397,
        0.3569749286546839
      ],
      [
        -0.02643562694330981,
        0.927521586822844,
        0.37283356019240915
      ],
      [
        -0.3943617283624314,
        0.3330387222182419,
        -0.8564835297343648
      ]
    ],
    "t": [
      -0.49586060075527905,
      -0.192167575102884,
      1.5817650044321974
    ],
    "K": [
      [
        1046.3036855437729,
        0.0,
        970.3296203761543
      ],
      [
        0.0,
        1022.6417504254308,
        526.2680841407295
      ],
      [
        0.0,
        0.0,
        1.0
      ]
    ],
    "dist": [
      0.012312384104475776,
      0.012473960658388543,
      -0.0012455482505783647,
      0.0012979173861027268,
      -0.00021079006061278961
    ]
  },
  "6_3": {
    "R": [
      [
        -0.7945095510648384,
        0.0788181363579527,
        -0.6021148351002555
      ],
      [
        -0.16193264937740637,
        0.9281371722008642,
        0.3351704143336589
      ],
      [
        0.5852626678102429,
        0.36379814589967574,
        -0.7246506183724646
      ]
    ],
    "t": [
      0.410947372436232,
      -0.3135403899931778,
      1.8797281128878922
    ],
    "K": [
      [
        1047.1725028731985,
        0.0,
        978.1878438259605
      ],
      [
        0.0,
        1029.3781543782036,
        552.1314302601636
      ],
      [
        0.0,
        0.0,
        1.0
      ]
    ],
    "dist": [
      -0.005434848258359164,
      -0.009572500198490862,
      0.00023369520819812147,
      0.002269675838567313,
      0.001316395861498202
    ]
  },
  "6_4": {
    "R": [
      [
        0.41918959691646823,
        -0.2712801572795127,
        0.8664220438697365
      ],
      [
        0.1106029066569055,
        0.9624666529798086,
        0.2478405514456592
      ],
      [
        -0.9011365484076499,
        -0.00806338441645131,
        0.4334603822216049
      ]
    ],
    "t": [
      -0.9913712484322348,
      -0.04759285869782569,
      0.46259909718029024
    ],
    "K": [
      [
        1032.2840857477638,
        0.0,
        969.0838879364686
      ],
      [
        0.0,
        1048.4421527868703,
        549.8626452944511
      ],
      [
        0.0,
        0.0,
        1.0
      ]
    ],
    "dist": [
      0.016050554115044493,
      0.013314429043832714,
      0.00018332738451268466,
      0.001787950967945239,
      -0.0014375639042855251
    ]
  }
}