{
  "6_1": {
    "R": [
      [
        1.0,
        0.0,
        0.0
      ],
      [
        0.0,
        1.0,
        1.3162411374472171e-14
      ],
      [
        0.0,
        -1.3162411374472171e-14,
        1.0
      ]
    ],
    "t": [
      -5.717347649348989e-07,
      -6.890683918306063e-06,
      -3.041953298150771e-06
    ],
    "K": [
      [
        1042.844409255437,
        0.0,
        969.4126095755805
      ],
      [
        0.0,
        1039.1774969236249,
        545.6073043387936
      ],
      [
        0.0,
        0.0,
        1.0
      ]
    ],
    "dist": [
      0.006365809625075152,
      3.990519420354697e-05,
      0.0015677447136768256,
      0.0027209995703439175,
      0.0009869836656033982
    ]
  },
  "6_2": {
    "R": [
      [
        -0.8654779500513572,
        -0.01814418160489885,
        0.5006183243238196
      ],
      [
        0.190594505535626,
        0.9122604252412574,
        0.36256675385130144
      ],
      [
        -0.46327276245699006,
        0.4092086328665714,
        -0.7860831014294487
      ]
    ],
    "t": [
      -0.23524122459678737,
      -0.16816852390010315,
      1.910520069710927
    ],
    "K": [
      [
        1036.304407002626,
        0.0,
        964.2536669086393
      ],
      [
        0.0,
        1032.6417840480237,
        535.9612504558063
      ],
      [
        0.0,
        0.0,
        1.0
      ]
    ],
    "dist": [
      0.0023124104916074167,
      0.0024751111927184665,
      -0.0012455482497751797,
      0.0012979173851226083,
      -0.0002107900615979133
    ]
  },
  "6_3": {
    "R": [
      [
        -0.8525681945047234,
        0.21885397625772243,
        -0.4745844611817165
      ],
      [
        0.06210805914661385,
        0.9440879953498469,
        0.3237907441934491
      ],
      [
        0.5189123844234175,
        0.2465781703892118,
        -0.8184919933508892
      ]
    ],
    "t": [
      0.7932532168261837,
      -0.20397269031673254,
      1.8621044272510006
    ],
    "K": [
      [
        1041.489344054044,
        0.0,
        968.2517888701873
      ],
      [
        0.0,
        1037.8189712893343,
        542.1316212270227
      ],
      [
        0.0,
        0.0,
        1.0
      ]
    ],
    "dist": [
      0.004565143822640662,
      0.0004274918732318214,
      0.00023369520919812233,
      0.002269675839567311,
      0.0013163958624982
    ]
  },
  "6_4": {
    "R": [
      [
        0.5443559008112313,
        -0.28272094055032126,
        0.7897756156189775
      ],
      [
        0.17085081702183366,
        0.9591254344577564,
        0.225584572387368
      ],
      [
        -0.8212713629336925,
        0.012135516081381775,
        0.5704086935474193
      ]
    ],
    "t": [
      -0.922477360950616,
      -0.05152499304968243,
      0.3825982454247538
    ],
    "K": [
      [
        1042.2835230502942,
        0.0,
        965.8134573007185
      ],
      [
        0.0,
        1038.8516883199115,
        540.9193632479697
      ],
      [
        0.0,
        0.0,
        1.0
      ]
    ],
    "dist": [
      0.006113068159139943,
      0.0033145773898636956,
      0.00018332738551268357,
      0.0017879509689010702,
      -0.0014375639052855032
    ]
  }
}