{
  "6_1": {
    "R": [
      [
        1.0,
        0.0,
        0.0
      ],
      [
        0.0,
        1.0,
        2.570771554915126e-15
      ],
      [
        0.0,
        -2.570771554915126e-15,
        1.0
      ]
    ],
    "t": [
      -0.1790758953783472,
      0.05271540887757355,
      -0.0938642116924881
    ],
    "K": [
      [
        1052.503809350216,
        0.0,
        978.5611242425651
      ],
      [
        0.0,
        1039.1433699729291,
        536.7335536421261
      ],
      [
        0.0,
        0.0,
        1.0
      ]
    ],
    "dist": [
      0.016336240549971095,
      -0.00837385458817739,
      0.001567744714676823,
      0.002720999569343919,
      0.0009869836646086455
    ]
  },
  "6_2": {
    "R": [
      [
        -0.9220077375543199,
        -0.1888757424809644,
        0.33797586569491744
      ],
      [
        -0.03386977900224618,
        0.908936757785143,
        0.4155560231994862
      ],
      [
        -0.38568713999860493,
        0.3716987008980491,
        -0.8444439032821537
      ]
    ],
    "t": [
      -0.25499737339651624,
      -0.21962938057033057,
      1.6282602496440128
    ],
    "K": [
      [
        1045.8870302407888,
        0.0,
        955.9922059370166
      ],
      [
        0.0,
        1023.4690976505634,
        545.5199717039319
      ],
      [
        0.0,
        0.0,
        1.0
      ]
    ],
    "dist": [
      -0.0076713249466590265,
      0.011098271019299067,
      -0.0012455482507751818,
      0.001297917384128262,
      -0.0002107900606271876
    ]
  },
  "6_3": {
    "R": [
      [
        -0.7701360387520347,
        0.08932902244013305,
        -0.6315938628305492
      ],
      [
        -0.1653276377509126,
        0.9283577378153444,
        0.33289440192661673
      ],
      [
        0.6160821812153209,
        0.36079389738224094,
        -0.7001931944832838
      ]
    ],
    "t": [
      0.6827585274820746,
      -0.22424712412710435,
      1.660350519661902
    ],
    "K": [
      [
        1050.6018590232213,
        0.0,
        960.8386847130154
      ],
      [
        0.0,
        1033.2564606270546,
        539.2354873835258
      ],
      [
        0.0,
        0.0,
        1.0
      ]
    ],
    "dist": [
      -0.0054348482549730695,
      -0.00957249986942771,
      0.00023369520819916642,
      0.0022696758385673177,
      0.0013163958614982017
    ]
  },
  "6_4": {
    "R": [
      [
        0.42352079770040657,
        -0.28912307159174,
        0.8585091632525357
      ],
      [
        0.10600891834172756,
        0.9570073580903916,
        0.26999819590668755
      ],
      [
        -0.8996622939454717,
        -0.023340223525208037,
        0.43596214379067944
      ]
    ],
    "t": [
      -1.1030534714676452,
      -0.052413186859708694,
      0.5655769232132692
    ],
    "K": [
      [
        1032.5806889049652,
        0.0,
        967.0307523533061
      ],
      [
        0.0,
        1048.5993517709524,
        536.0492956430628
      ],
      [
        0.0,
        0.0,
        1.0
      ]
    ],
    "dist": [
      0.016034878151659757,
      0.013314603299197156,
      0.00018332738594794862,
      0.0017879509687453619,
      -0.001437563904285501
    ]
  }
}