{
  "6_1": {
    "R": [
      [
        1.0,
        0.0,
        0.0
      ],
      [
        0.0,
        1.0,
        7.615855589583311e-15
      ],
      [
        0.0,
        -7.615855589583311e-15,
        1.0
      ]
    ],
    "t": [
      -0.22096642164516472,
      0.04613026045023801,
      -0.07061435073870476
    ],
    "K": [
      [
        1051.9476034770332,
        0.0,
        978.4478099945609
      ],
      [
        0.0,
        1042.0182304236187,
        537.394743736721
      ],
      [
        0.0,
        0.0,
        1.0
      ]
    ],
    "dist": [
      0.016321325897071966,
      -0.005662020210426895,
      0.0015677447146765393,
      0.0027209995693439214,
      0.0009869836646420893
    ]
  },
  "6_2": {
    "R": [
      [
        -0.9208417895765542,
        -0.18684376743479045,
        0.3422569285496248
      ],
      [
        -0.035685412793648175,
        0.9144217639686529,
        0.4031865435430645
      ],
      [
        -0.38830007710943865,
        0.3590574385126013,
        -0.848705370529475
      ]
    ],
    "t": [
      -0.25702227277802275,
      -0.2322747505877351,
      1.8108583703376115
    ],
    "K": [
      [
        1044.5358348655461,
        0.0,
        954.2677304463065
      ],
      [
        0.0,
        1022.6538681411678,
        545.6014684916785
      ],
      [
        0.0,
        0.0,
        1.0
      ]
    ],
    "dist": [
      -0.0038229261764632662,
      0.009986235968883162,
      -0.0012455482507751818,
      0.001297917384430809,
      -0.00021079006096822537
    ]
  },
  "6_3": {
    "R": [
      [
        -0.7704738599718293,
        0.08517341244403753,
        -0.6317559029504576
      ],
      [
        -0.1609192689747448,
        0.9329518687564504,
        0.3220338483086555
      ],
      [
        0.6168265720384813,
        0.3497803602212198,
        -0.7051089842221342
      ]
    ],
    "t": [
      0.7596132550414133,
      -0.23288546071167462,
      1.8319313584150498
    ],
    "K": [
      [
        1051.3864127829584,
        0.0,
        961.5907768975054
      ],
      [
        0.0,
        1038.2399550930354,
        533.1588659293691
      ],
      [
        0.0,
        0.0,
        1.0
      ]
    ],
    "dist": [
      -0.005434848258104063,
      -0.009572500209062711,
      0.00023369521017180535,
      0.0022696758385674217,
      0.0013163958614982008
    ]
  },
  "6_4": {
    "R": [
      [
        0.4251116508570712,
        -0.2852652234114832,
        0.8590132924568584
      ],
      [
        0.10680512758178004,
        0.9582172636676678,
        0.2653532368965693
      ],
      [
        -0.898817416958425,
        -0.021057728302068396,
        0.4378171114186162
      ]
    ],
    "t": [
      -1.2149227421385502,
      -0.06331889744574573,
      0.6652170692075154
    ],
    "K": [
      [
        1032.3171076599624,
        0.0,
        965.9133578840714
      ],
      [
        0.0,
        1048.8284142490913,
        539.7123555916886
      ],
      [
        0.0,
        0.0,
        1.0
      ]
    ],
    "dist": [
      0.01610828275628169,
      0.013314603308123223,
      0.00018332738495560074,
      0.0017879509682332637,
      -0.001437563904285501
    ]
  }
}