{
  "6_1": {
    "R": [
      [
        1.0,
        0.0,
        0.0
      ],
      [
        0.0,
        1.0,
        0.0
      ],
      [
        0.0,
        0.0,
        1.0
      ]
    ],
    "t": [
      0.007329501077039465,
      -0.006002075727536903,
      -0.027784704055800413
    ],
    "K": [
      [
        1048.9712895811228,
        0.0,
        974.6441684016377
      ],
      [
        0.0,
        1049.1758797162572,
        535.7191802677316
      ],
      [
        0.0,
        0.0,
        1.0
      ]
    ],
    "dist": [
      -0.0036103754533811402,
      -0.0068109936611831495,
      0.0015677447146768284,
      0.0027209995693441404,
      0.0009869836657143795
    ]
  },
  "6_2": {
    "R": [
      [
        -0.9249883919088867,
        -0.1776038792141112,
        0.33593650727765706
      ],
      [
        -0.03414752562973215,
        0.9193274994677273,
        0.39200879481943185
      ],
      [
        -0.37845795186146997,
        0.3511321842419405,
        -0.8564319983876744
      ]
    ],
    "t": [
      -0.4025935560662999,
      -0.22890777739647813,
      1.5285062467252482
    ],
    "K": [
      [
        1046.269344435346,
        0.0,
        958.1911271370948
      ],
      [
        0.0,
        1022.809273766536,
        541.434004185532
      ],
      [
        0.0,
        0.0,
        1.0
      ]
    ],
    "dist": [
      0.010986435774036275,
      0.0023168731126301002,
      -0.0012455482507745983,
      0.0012979173861225192,
      -0.0002107900624341287
    ]
  },
  "6_3": {
    "R": [
      [
        -0.7755360281463507,
        0.08226975491923194,
        -0.6259197683988836
      ],
      [
        -0.17128365723261807,
        0.9268611878709512,
        0.33405126430454796
      ],
      [
        0.607623055694895,
        0.36627861778157006,
        -0.7047227797822494
      ]
    ],
    "t": [
      0.4912919799896344,
      -0.30428459678549225,
      1.7378360379735547
    ],
    "K": [
      [
        1044.3233240251068,
        0.0,
        965.5001553584216
      ],
      [
        0.0,
        1036.4145048549751,
        551.9415077584459
      ],
      [
        0.0,
        0.0,
        1.0
      ]
    ],
    "dist": [
      -0.005434734170484811,
      -0.009539192935853109,
      0.00023369520819812147,
      0.0022696758385965135,
      0.0013163958615306558
    ]
  },
  "6_4": {
    "R": [
      [
        0.42383773571394645,
        -0.26865869784017626,
        0.8649763452602018
      ],
      [
        0.10228358199016756,
        0.9630842108560784,
        0.2490117901927249
      ],
      [
        -0.8999442441841249,
        -0.017067714391383493,
        0.43567080517900053
      ]
    ],
    "t": [
      -0.9732376060183359,
      -0.06508788538176256,
      0.4370516005491288
    ],
    "K": [
      [
        1034.3722629784213,
        0.0,
        966.4156666850454
      ],
      [
        0.0,
        1044.8995829986673,
        546.3169450646988
      ],
      [
        0.0,
        0.0,
        1.0
      ]
    ],
    "dist": [
      0.004892394478623262,
      0.013245090206500812,
      0.00018332738451268466,
      0.0017879509691901055,
      -0.0014375639042859159
    ]
  }
}