{
  "6_1": {
    "R": [
      [
        1.0,
        0.0,
        0.0
      ],
      [
        0.0,
        1.0,
        -5.428933725398497e-15
      ],
      [
        0.0,
        5.428933725398497e-15,
        1.0
      ]
    ],
    "t": [
      -0.22624971500310137,
      0.08050852628769802,
      -0.11617425698273753
    ],
    "K": [
      [
        1047.766586497235,
        0.0,
        978.9919313373153
      ],
      [
        0.0,
        1049.0476141054075,
        536.3111445906393
      ],
      [
        0.0,
        0.0,
        1.0
      ]
    ],
    "dist": [
      0.01627151628475496,
      0.007105192781396162,
      0.0015677447146768284,
      0.002720999569343919,
      0.0009869836654856675
    ]
  },
  "6_2": {
    "R": [
      [
        -0.9226828061629192,
        -0.18232819212511342,
        0.3397246967291435
      ],
      [
        -0.02985250013452219,
        0.9122587329288833,
        0.4085251919168591
      ],
      [
        -0.3844024810625436,
        0.3667975389112854,
        -0.8471684000253933
      ]
    ],
    "t": [
      -0.23307827566660114,
      -0.20030299225980455,
      1.7026494283076714
    ],
    "K": [
      [
        1044.8638145103578,
        0.0,
        954.2892015690537
      ],
      [
        0.0,
        1032.5473323537212,
        545.8643401404535
      ],
      [
        0.0,
        0.0,
        1.0
      ]
    ],
    "dist": [
      -0.00341569213022405,
      0.01206711071975006,
      -0.0012455482507751818,
      0.001297917385977787,
      -0.00021079006062311135
    ]
  },
  "6_3": {
    "R": [
      [
        -0.7719138941241414,
        0.0830388110596324,
        -0.6302804898740769
      ],
      [
        -0.15957217450009709,
        0.9343834875126386,
        0.31853448696966674
      ],
      [
        0.6153744073191655,
        0.34645642456378395,
        -0.7080129128024888
      ]
    ],
    "t": [
      0.7342179948451175,
      -0.18554928039936633,
      1.6844254649911774
    ],
    "K": [
      [
        1051.3895612303972,
        0.0,
        967.8243743154322
      ],
      [
        0.0,
        1029.870792989482,
        536.3640816806599
      ],
      [
        0.0,
        0.0,
        1.0
      ]
    ],
    "dist": [
      -0.005434848169790197,
      -0.00957247527172208,
      0.0002336952082278221,
      0.0022696758385673133,
      0.0013163958614982867
    ]
  },
  "6_4": {
    "R": [
      [
        0.4268334833707141,
        -0.27425567507805226,
        0.8617406815052335
      ],
      [
        0.1076028628040135,
        0.961537572519706,
        0.2527194502789443
      ],
      [
        -0.8979057864776254,
        -0.01514335895344908,
        0.4399271272490525
      ]
    ],
    "t": [
      -1.1579224626429887,
      -0.03271061645577397,
      0.5831967553953686
    ],
    "K": [
      [
        1037.525033160044,
        0.0,
        963.3665843820316
      ],
      [
        0.0,
        1039.3024059730215,
        546.5806614868053
      ],
      [
        0.0,
        0.0,
        1.0
      ]
    ],
    "dist": [
      0.01505956811404879,
      0.01331180275786984,
      0.0001833273845126877,
      0.0017879509693267863,
      -0.0014375639042855353
    ]
  }
}