{
  "6_1": {
    "R": [
      [
        1.0,
        0.0,
        0.0
      ],
      [
        0.0,
        1.0,
        -8.402536262256178e-16
      ],
      [
        0.0,
        8.402536262256178e-16,
        1.0
      ]
    ],
    "t": [
      -0.017101419091106625,
      0.004406446321220096,
      -0.010476273018365753
    ],
    "K": [
      [
        1038.7173465340356,
        0.0,
        979.201360404422
      ],
      [
        0.0,
        1049.1774743888147,
        535.6082741939947
      ],
      [
        0.0,
        0.0,
        1.0
      ]
    ],
    "dist": [
      -0.0036339623519448835,
      -0.009960104901012689,
      0.0015677447146768284,
      0.002720999569343919,
      0.0009869836646033978
    ]
  },
  "6_2": {
    "R": [
      [
        -0.9231991213218111,
        -0.16104420615443982,
        0.34895292813604833
      ],
      [
        -0.018307161192150936,
        0.9253672447422734,
        0.3786295157633359
      ],
      [
        -0.38388569944674994,
        0.34316209875535486,
        -0.8572464894871834
      ]
    ],
    "t": [
      -0.3595673926426748,
      -0.18286291424078804,
      1.3993894792630943
    ],
    "K": [
      [
        1046.2587567740054,
        0.0,
        955.9454695723343
      ],
      [
        0.0,
        1022.6428667343849,
        545.3688583990192
      ],
      [
        0.0,
        0.0,
        1.0
      ]
    ],
    "dist": [
      0.012312380641180046,
      0.012474791834102977,
      -0.0012455482507751818,
      0.0012979173861225937,
      -0.00021079006059843621
    ]
  },
  "6_3": {
    "R": [
      [
        -0.790087308265112,
        0.08299677528941019,
        -0.6073496362145523
      ],
      [
        -0.16331846729379168,
        0.9264785366373781,
        0.3390642997885037
      ],
      [
        0.5908376456855102,
        0.3670818116466965,
        -0.7184440270466326
      ]
    ],
    "t": [
      0.44354651786039617,
      -0.26286959429835777,
      1.590743337724762
    ],
    "K": [
      [
        1048.9611377420258,
        0.0,
        961.5001717239032
      ],
      [
        0.0,
        1047.6916158082079,
        552.0925789358412
      ],
      [
        0.0,
        0.0,
        1.0
      ]
    ],
    "dist": [
      -0.005434848258389876,
      -0.009572499916177809,
      0.00023369520819812147,
      0.0022696758385673125,
      0.0013163958614982659
    ]
  },
  "6_4": {
    "R": [
      [
        0.4043987107250301,
        -0.262081251730924,
        0.8762277673385416
      ],
      [
        0.10379741443809096,
        0.9650245689562907,
        0.24073570168691696
      ],
      [
        -0.9086736375178387,
        -0.006403030679072941,
        0.41745804780627027
      ]
    ],
    "t": [
      -0.9048916890497919,
      -0.04378871674760283,
      0.44440457442719544
    ],
    "K": [
      [
        1034.6795742957588,
        0.0,
        960.5202629620162
      ],
      [
        0.0,
        1043.7857841303896,
        550.6969302039488
      ],
      [
        0.0,
        0.0,
        1.0
      ]
    ],
    "dist": [
      0.016016828367920722,
      0.013312818410696795,
      0.00018332738451268466,
      0.0017879509680117098,
      -0.0014375639042856032
    ]
  }
}