{
  "6_1": {
    "R": [
      [
        1.0,
        0.0,
        0.0
      ],
      [
        0.0,
        1.0,
        0.0
      ],
      [
        0.0,
        0.0,
        1.0
      ]
    ],
    "t": [
      0.07577543648848355,
      -0.009186447645891759,
      0.0290804865174328
    ],
    "K": [
      [
        1041.3293629962445,
        0.0,
        977.7912055798831
      ],
      [
        0.0,
        1049.1774595712916,
        535.6077430522251
      ],
      [
        0.0,
        0.0,
        1.0
      ]
    ],
    "dist": [
      -0.0036183584292787505,
      -0.00992054937510085,
      0.0015677447146768284,
      0.002720999569343919,
      0.0009869836648651782
    ]
  },
  "6_2": {
    "R": [
      [
        -0.9154620214789875,
        -0.17047949183220512,
        0.36450792871244797
      ],
      [
        -0.02138473377640543,
        0.9251555795999455,
        0.3789852855935206
      ],
      [
        -0.4018357629566067,
        0.3391517306453311,
        -0.8505904556302983
      ]
    ],
    "t": [
      -0.4737459726078044,
      -0.19433499935881224,
      1.4070046450911926
    ],
    "K": [
      [
        1046.2892942676003,
        0.0,
        974.240090252214
      ],
      [
        0.0,
        1022.6425421509243,
        545.625303419976
      ],
      [
        0.0,
        0.0,
        1.0
      ]
    ],
    "dist": [
      0.01231238305305277,
      0.01247376818618077,
      -0.0012455482507751818,
      0.0012979173861225916,
      -0.00021079006060273508
    ]
  },
  "6_3": {
    "R": [
      [
        -0.7904391313229046,
        0.07434971433782318,
        -0.6080115949974773
      ],
      [
        -0.16093668126399485,
        0.9325259421667104,
        0.3232564799193067
      ],
      [
        0.5910206124131573,
        0.35336593945083883,
        -0.7251393993838721
      ]
    ],
    "t": [
      0.3700368590835993,
      -0.2804793566971565,
      1.7089050446949257
    ],
    "K": [
      [
        1048.858976406134,
        0.0,
        965.3278026062317
      ],
      [
        0.0,
        1029.461610400913,
        552.1232237293958
      ],
      [
        0.0,
        0.0,
        1.0
      ]
    ],
    "dist": [
      -0.005434848258390289,
      -0.00957250020919841,
      0.00023369520819812147,
      0.0022696758385673125,
      0.0013163958614982008
    ]
  },
  "6_4": {
    "R": [
      [
        0.4133831943625984,
        -0.2641468118590504,
        0.8714016274963421
      ],
      [
        0.10758278770863229,
        0.9644637583734735,
        0.24132053906154266
      ],
      [
        -0.9041793397370976,
        -0.006010039002669054,
        0.427110759667528
      ]
    ],
    "t": [
      -0.8807848917794582,
      -0.03941560657332238,
      0.4061056620033382
    ],
    "K": [
      [
        1032.3502743041324,
        0.0,
        960.0680854527653
      ],
      [
        0.0,
        1048.8516633274835,
        550.914409646437
      ],
      [
        0.0,
        0.0,
        1.0
      ]
    ],
    "dist": [
      0.01607807237802657,
      0.013314559272870612,
      0.00018332738451268466,
      0.00178795096791224,
      -0.001437563904285501
    ]
  }
}