{
  "6_1": {
    "R": [
      [
        1.0,
        0.0,
        0.0
      ],
      [
        0.0,
        1.0,
        1.0252782647005418e-15
      ],
      [
        0.0,
        -1.0252782647005418e-15,
        1.0
      ]
    ],
    "t": [
      -0.05026085894265492,
      0.006406082241855964,
      -0.033614882049913704
    ],
    "K": [
      [
        1035.3186965057535,
        0.0,
        979.340916958395
      ],
      [
        0.0,
        1049.1774440290794,
        535.6099734330306
      ],
      [
        0.0,
        0.0,
        1.0
      ]
    ],
    "dist": [
      -0.0035848381518157795,
      -0.009959686374918127,
      0.0015677447146768284,
      0.002720999569343919,
      0.0009869836646034175
    ]
  },
  "6_2": {
    "R": [
      [
        -0.9186474505755662,
        -0.16594919267622021,
        0.3585355310162766
      ],
      [
        -0.01650152004458101,
        0.9228299684891307,
        0.38485393215422464
      ],
      [
        -0.3947335321292466,
        0.3476287023657008,
        -0.8504938117965986
      ]
    ],
    "t": [
      -0.3440916330919497,
      -0.18814539455147403,
      1.3907522687406393
    ],
    "K": [
      [
        1041.4833775793181,
        0.0,
        968.8615054005421
      ],
      [
        0.0,
        1023.2161898485017,
        545.887028391328
      ],
      [
        0.0,
        0.0,
        1.0
      ]
    ],
    "dist": [
      0.012312359793684776,
      0.012472779391241938,
      -0.0012455482507751818,
      0.0012979173861212658,
      -0.00021079006060244372
    ]
  },
  "6_3": {
    "R": [
      [
        -0.7896743018537458,
        0.08026858090956537,
        -0.6082527861921915
      ],
      [
        -0.1580442339682408,
        0.9313326584924553,
        0.3280876397165359
      ],
      [
        0.5928208136538319,
        0.35521322349279183,
        -0.7227634805070527
      ]
    ],
    "t": [
      0.4707381615935017,
      -0.24523728215602691,
      1.5472807546474592
    ],
    "K": [
      [
        1046.1257708699836,
        0.0,
        963.1858570011289
      ],
      [
        0.0,
        1029.0984034481899,
        551.6291164334164
      ],
      [
        0.0,
        0.0,
        1.0
      ]
    ],
    "dist": [
      -0.005434848258390289,
      -0.009572500209198408,
      0.00023369520819812168,
      0.0022696758385673125,
      0.0013163958614982008
    ]
  },
  "6_4": {
    "R": [
      [
        0.4124673235133711,
        -0.2647390498451706,
        0.8716558624370013
      ],
      [
        0.10467921737297385,
        0.9642769271241818,
        0.2433357130922775
      ],
      [
        -0.9049381020179766,
        -0.009123776795919442,
        0.42544539980246643
      ]
    ],
    "t": [
      -0.9136218556946101,
      -0.050869523158007815,
      0.4538085637311552
    ],
    "K": [
      [
        1032.3655764972166,
        0.0,
        961.3119822386969
      ],
      [
        0.0,
        1048.6682263731982,
        550.457925202972
      ],
      [
        0.0,
        0.0,
        1.0
      ]
    ],
    "dist": [
      0.016109220025329066,
      0.013314531035560798,
      0.00018332738451268466,
      0.00178795096796227,
      -0.0014375639042855093
    ]
  }
}