{
  "6_1": {
    "R": [
      [
        1.0,
        0.0,
        0.0
      ],
      [
        0.0,
        1.0,
        -1.4672684393922168e-15
      ],
      [
        0.0,
        1.4672684393922168e-15,
        1.0
      ]
    ],
    "t": [
      -0.11511959895316973,
      0.0735240123751377,
      -0.0781245220411374
    ],
    "K": [
      [
        1051.4192660853757,
        0.0,
        978.3736951655952
      ],
      [
        0.0,
        1048.3689513801778,
        535.6205390703807
      ],
      [
        0.0,
        0.0,
        1.0
      ]
    ],
    "dist": [
      0.008331211086576595,
      -0.009959214612841202,
      0.0015677447146768284,
      0.0027209995693439617,
      0.000986983664603399
    ]
  },
  "6_2": {
    "R": [
      [
        -0.9177436948710991,
        -0.17279247623476157,
        0.35761609399047245
      ],
      [
        -0.023997078350720707,
        0.9228822705194791,
        0.3843337807055741
      ],
      [
        -0.3964475384650187,
        0.3441381625415443,
        -0.8511158994681965
      ]
    ],
    "t": [
      -0.35829996788940593,
      -0.18116608072475182,
      1.7023564878529376
    ],
    "K": [
      [
        1045.9681776008636,
        0.0,
        955.5432542023295
      ],
      [
        0.0,
        1022.6469214916883,
        545.9113798469951
      ],
      [
        0.0,
        0.0,
        1.0
      ]
    ],
    "dist": [
      0.011983657226828736,
      0.012368971117098226,
      -0.0012455482507751818,
      0.0012979173861181526,
      -0.00021079006066864755
    ]
  },
  "6_3": {
    "R": [
      [
        -0.7877452165480916,
        0.07277152671044526,
        -0.6116876479918745
      ],
      [
        -0.16358043565448419,
        0.9326329810261876,
        0.3216164855434117
      ],
      [
        0.5938845972718012,
        0.3534119799928086,
        -0.72277317155583
      ]
    ],
    "t": [
      0.6327776008119786,
      -0.22482716047880744,
      1.821705458053482
    ],
    "K": [
      [
        1044.2628751551488,
        0.0,
        964.1525649225227
      ],
      [
        0.0,
        1031.2873518090287,
        548.8538325019487
      ],
      [
        0.0,
        0.0,
        1.0
      ]
    ],
    "dist": [
      -0.005434847949851478,
      -0.009567445132435261,
      0.00023369520819812155,
      0.0022696758385673315,
      0.001316395861515362
    ]
  },
  "6_4": {
    "R": [
      [
        0.43882453676645794,
        -0.2628111482526669,
        0.8592807028473399
      ],
      [
        0.09793053305771558,
        0.964564411410741,
        0.24500021823435736
      ],
      [
        -0.8932203740548776,
        -0.02336228999832446,
        0.4490117668606235
      ]
    ],
    "t": [
      -1.1221987288105193,
      -0.014306382126756069,
      0.5380950690605408
    ],
    "K": [
      [
        1032.2837732830872,
        0.0,
        960.3115951068831
      ],
      [
        0.0,
        1048.8514832617707,
        544.5931486463556
      ],
      [
        0.0,
        0.0,
        1.0
      ]
    ],
    "dist": [
      0.01391301255816847,
      0.013311290982315442,
      0.00018332738451282422,
      0.0017879509699003022,
      -0.0014375639042855097
    ]
  }
}