{
  "6_1": {
    "R": [
      [
        1.0,
        0.0,
        0.0
      ],
      [
        0.0,
        1.0,
        -3.3051719134070237e-15
      ],
      [
        0.0,
        3.3051719134070237e-15,
        1.0
      ]
    ],
    "t": [
      -0.2517510412140573,
      0.07614954397902386,
      -0.110643495288646
    ],
    "K": [
      [
        1051.5016445589786,
        0.0,
        979.1544789071972
      ],
      [
        0.0,
        1047.9941915528018,
        535.9099271708166
      ],
      [
        0.0,
        0.0,
        1.0
      ]
    ],
    "dist": [
      0.016358986390998302,
      -0.008632895103113655,
      0.0015677447146768284,
      0.002720999569343919,
      0.000986983664604864
    ]
  },
  "6_2": {
    "R": [
      [
        -0.9224584131442134,
        -0.18422035419526728,
        0.33931303706110383
      ],
      [
        -0.03397516456758923,
        0.9141511379793492,
        0.40394725537335524
      ],
      [
        -0.3845987054217226,
        0.36109632791158613,
        -0.8495253249648909
      ]
    ],
    "t": [
      -0.17859217729961988,
      -0.18081312005411088,
      1.602905190071348
    ],
    "K": [
      [
        1045.2752610647644,
        0.0,
        955.44544561415
      ],
      [
        0.0,
        1029.9574117841216,
        545.0740854985154
      ],
      [
        0.0,
        0.0,
        1.0
      ]
    ],
    "dist": [
      -0.00472136163136645,
      0.01156326956073781,
      -0.0012455482507751818,
      0.0012979173841237005,
      -0.00021079006069289448
    ]
  },
  "6_3": {
    "R": [
      [
        -0.7730728287071118,
        0.08012183291836766,
        -0.6292367546516856
      ],
      [
        -0.16658234680747142,
        0.9315278406323799,
        0.32327419299859156
      ],
      [
        0.6120528761854646,
        0.35473423011682487,
        -0.7067919798190438
      ]
    ],
    "t": [
      0.717927085658746,
      -0.17361112060525002,
      1.5438948200863152
    ],
    "K": [
      [
        1047.673706693032,
        0.0,
        966.4057752126665
      ],
      [
        0.0,
        1031.642757665994,
        541.0860139979613
      ],
      [
        0.0,
        0.0,
        1.0
      ]
    ],
    "dist": [
      -0.005434848258390289,
      -0.009572500070621043,
      0.0002336952081981221,
      0.0022696758385673125,
      0.001316395861498205
    ]
  },
  "6_4": {
    "R": [
      [
        0.42124128292837354,
        -0.2779665309415465,
        0.8633020266587935
      ],
      [
        0.11149386981304732,
        0.9605265302871581,
        0.25486840056904814
      ],
      [
        -0.9000693854092413,
        -0.01110820826397299,
        0.4356049921180828
      ]
    ],
    "t": [
      -1.1037541743934334,
      -0.03900154261882237,
      0.5906712390092359
    ],
    "K": [
      [
        1033.0025825231698,
        0.0,
        965.4245535839074
      ],
      [
        0.0,
        1045.5066445936916,
        549.4438961614214
      ],
      [
        0.0,
        0.0,
        1.0
      ]
    ],
    "dist": [
      0.015909627053534055,
      0.013314600511465434,
      0.0001833273845126848,
      0.0017879509689441863,
      -0.001437563904285501
    ]
  }
}