{
  "6_1": {
    "R": [
      [
        1.0,
        0.0,
        0.0
      ],
      [
        0.0,
        1.0,
        4.594731827271686e-16
      ],
      [
        0.0,
        -4.594731827271686e-16,
        1.0
      ]
    ],
    "t": [
      0.018351547766261172,
      -0.024333864280325527,
      -0.02991185872170529
    ],
    "K": [
      [
        1043.3809106245724,
        0.0,
        976.0998360178252
      ],
      [
        0.0,
        1049.177459171553,
        535.6241438899395
      ],
      [
        0.0,
        0.0,
        1.0
      ]
    ],
    "dist": [
      -0.003633983897507294,
      -0.009930451061434609,
      0.0015677447146768284,
      0.0027209995695582426,
      0.0009869836646508364
    ]
  },
  "6_2": {
    "R": [
      [
        -0.9233951350955321,
        -0.1731112311934737,
        0.3425987830051119
      ],
      [
        -0.028742647575932465,
        0.921208208571505,
        0.3880068255466707
      ],
      [
        -0.3827731504327723,
        0.34843641901379724,
        -0.8556148533146276
      ]
    ],
    "t": [
      -0.4153263102811461,
      -0.24492930836882834,
      1.50933376948943
    ],
    "K": [
      [
        1039.3719465073389,
        0.0,
        954.9437967830346
      ],
      [
        0.0,
        1022.978709967561,
        544.2886749008283
      ],
      [
        0.0,
        0.0,
        1.0
      ]
    ],
    "dist": [
      0.010378650531298722,
      0.003025784782590462,
      -0.0012455482507751818,
      0.0012979173861226059,
      -0.00021079006225730663
    ]
  },
  "6_3": {
    "R": [
      [
        -0.7786917441499489,
        0.08194511998707726,
        -0.622032286061595
      ],
      [
        -0.16686856549983334,
        0.9286751344810728,
        0.3312361339657687
      ],
      [
        0.6048091016517017,
        0.3617284781529708,
        -0.7094775955957998
      ]
    ],
    "t": [
      0.47847211308229376,
      -0.31935766035900837,
      1.7533780908928984
    ],
    "K": [
      [
        1050.5625737456826,
        0.0,
        962.4601218678303
      ],
      [
        0.0,
        1045.5074512127462,
        552.1089613487102
      ],
      [
        0.0,
        0.0,
        1.0
      ]
    ],
    "dist": [
      -0.005434770813268002,
      -0.009571166492953552,
      0.00023369520819812147,
      0.0022696758385675054,
      0.0013163958614984348
    ]
  },
  "6_4": {
    "R": [
      [
        0.42299690724292793,
        -0.26339114982731243,
        0.8670056047428782
      ],
      [
        0.10018261582263625,
        0.9645494619657993,
        0.24414704362007145
      ],
      [
        -0.9005759601221053,
        -0.01641455494776624,
        0.43438865366859536
      ]
    ],
    "t": [
      -0.9618817219915297,
      -0.08014756836261398,
      0.42709623605272184
    ],
    "K": [
      [
        1036.4363073140717,
        0.0,
        962.878780673571
      ],
      [
        0.0,
        1045.8586860140695,
        548.4451512223986
      ],
      [
        0.0,
        0.0,
        1.0
      ]
    ],
    "dist": [
      0.0039003118642681705,
      0.013313080563185739,
      0.00018332738451268466,
      0.0017879509698203585,
      -0.001437563904285502
    ]
  }
}