{
  "6_1": {
    "R": [
      [
        1.0,
        0.0,
        0.0
      ],
      [
        0.0,
        1.0,
        0.0
      ],
      [
        0.0,
        0.0,
        1.0
      ]
    ],
    "t": [
      0.045666105284710955,
      -0.0030786425810160273,
      0.017637928846854084
    ],
    "K": [
      [
        1041.9978416828517,
        0.0,
        978.0755764401551
      ],
      [
        0.0,
        1049.177473190473,
        535.6075142377056
      ],
      [
        0.0,
        0.0,
        1.0
      ]
    ],
    "dist": [
      -0.0036338138363072895,
      -0.009960101031401068,
      0.0015677447146768284,
      0.0027209995693439513,
      0.000986983664603404
    ]
  },
  "6_2": {
    "R": [
      [
        -0.9156618391301433,
        -0.17180873423435405,
        0.36338017997903066
      ],
      [
        -0.023676792599793384,
        0.9255293331019011,
        0.37793499845891076
      ],
      [
        -0.401251549346529,
        0.337456978604295,
        -0.8515397710842815
      ]
    ],
    "t": [
      -0.4214759930297419,
      -0.18108077177770665,
      1.3385815746712648
    ],
    "K": [
      [
        1045.3171134202091,
        0.0,
        971.3668114629032
      ],
      [
        0.0,
        1022.7591690042254,
        545.8092006702517
      ],
      [
        0.0,
        0.0,
        1.0
      ]
    ],
    "dist": [
      0.012305385341434093,
      0.011973679221851597,
      -0.0012455482507751818,
      0.0012979173861216993,
      -0.00021079006118319396
    ]
  },
  "6_3": {
    "R": [
      [
        -0.7889004740871676,
        0.07492696424990311,
        -0.6099360556757866
      ],
      [
        -0.16193462379161233,
        0.9321114039407428,
        0.3239529414299046
      ],
      [
        0.5928011636312057,
        0.35433639478878254,
        -0.7232098587032514
      ]
    ],
    "t": [
      0.378480324412979,
      -0.2578554442070071,
      1.5944315683929562
    ],
    "K": [
      [
        1044.233780410535,
        0.0,
        961.4748502652914
      ],
      [
        0.0,
        1028.0064660662083,
        552.0195157409188
      ],
      [
        0.0,
        0.0,
        1.0
      ]
    ],
    "dist": [
      -0.005434848258390288,
      -0.009572500209198392,
      0.00023369520819812147,
      0.0022696758385673125,
      0.0013163958614982008
    ]
  },
  "6_4": {
    "R": [
      [
        0.414622609922694,
        -0.2623987513184118,
        0.8713409129883847
      ],
      [
        0.10534099864712822,
        0.9649271060438283,
        0.24045572154953654
      ],
      [
        -0.9038757466294354,
        -0.007910456903416532,
        0.4277219416006852
      ]
    ],
    "t": [
      -0.8483245038882467,
      -0.03729403060290126,
      0.3980088070099224
    ],
    "K": [
      [
        1032.6790602644976,
        0.0,
        963.8677738716341
      ],
      [
        0.0,
        1048.7486335167841,
        550.7495053206721
      ],
      [
        0.0,
        0.0,
        1.0
      ]
    ],
    "dist": [
      0.016098750364940607,
      0.013314497479319343,
      0.00018332738451268466,
      0.001787950967902245,
      -0.0014375639042855037
    ]
  }
}