{
  "6_1": {
    "R": [
      [
        1.0,
        0.0,
        0.0
      ],
      [
        0.0,
        1.0,
        1.6231762387315095e-15
      ],
      [
        0.0,
        -1.6231762387315095e-15,
        1.0
      ]
    ],
    "t": [
      0.04473897582944942,
      0.0011968256897176084,
      0.018616430849389385
    ],
    "K": [
      [
        1039.009841983679,
        0.0,
        978.0925327563482
      ],
      [
        0.0,
        1049.1774094976272,
        535.609080151246
      ],
      [
        0.0,
        0.0,
        1.0
      ]
    ],
    "dist": [
      -0.0035310191747806893,
      -0.009917144531911073,
      0.0015677447146768284,
      0.002720999569343921,
      0.0009869836646418998
    ]
  },
  "6_2": {
    "R": [
      [
        -0.9176457049462213,
        -0.1700913718759383,
        0.3591591366053684
      ],
      [
        -0.02172440089664056,
        0.92389298256075,
        0.38203377753895457
      ],
      [
        -0.3968052552568256,
        0.3427691380336955,
        -0.851501560428519
      ]
    ],
    "t": [
      -0.44039709539869076,
      -0.1900147678306202,
      1.4293855527181323
    ],
    "K": [
      [
        1045.6904961697962,
        0.0,
        966.6591498851832
      ],
      [
        0.0,
        1022.7259426646367,
        545.8498863221512
      ],
      [
        0.0,
        0.0,
        1.0
      ]
    ],
    "dist": [
      0.012312370089670656,
      0.012462133120230248,
      -0.0012455482507751818,
      0.0012979173861225816,
      -0.0002107900606262164
    ]
  },
  "6_3": {
    "R": [
      [
        -0.7888748793807524,
        0.0763821151046871,
        -0.60978864959438
      ],
      [
        -0.16098842651138617,
        0.93191094013535,
        0.32499957874655216
      ],
      [
        0.5930928689601581,
        0.354552918685184,
        -0.7228644939685626
      ]
    ],
    "t": [
      0.40227712477288025,
      -0.26845023041327903,
      1.6986720330298626
    ],
    "K": [
      [
        1046.2996466539744,
        0.0,
        964.9171142434776
      ],
      [
        0.0,
        1030.3030606529314,
        551.312254362653
      ],
      [
        0.0,
        0.0,
        1.0
      ]
    ],
    "dist": [
      -0.005434848258390289,
      -0.00957250020919841,
      0.00023369520819812204,
      0.0022696758385673125,
      0.0013163958614982008
    ]
  },
  "6_4": {
    "R": [
      [
        0.41592354824149247,
        -0.2612789876371306,
        0.8710573417620239
      ],
      [
        0.10329491490887016,
        0.96521226419777,
        0.24019876268662138
      ],
      [
        -0.9035141186346655,
        -0.009928527661780873,
        0.42844330052679447
      ]
    ],
    "t": [
      -0.9030459763428369,
      -0.0359400487167741,
      0.42857971913262943
    ],
    "K": [
      [
        1032.3511251320704,
        0.0,
        960.9642819228361
      ],
      [
        0.0,
        1048.8371867918663,
        550.6451834531139
      ],
      [
        0.0,
        0.0,
        1.0
      ]
    ],
    "dist": [
      0.016082996427696155,
      0.013314508076043837,
      0.00018332738451268466,
      0.0017879509680590639,
      -0.0014375639042855024
    ]
  }
}