{
  "6_1": {
    "R": [
      [
        1.0,
        0.0,
        0.0
      ],
      [
        0.0,
        1.0,
        -1.834236812882394e-15
      ],
      [
        0.0,
        1.834236812882394e-15,
        1.0
      ]
    ],
    "t": [
      -0.22845569934915397,
      0.06868292313590717,
      -0.0949730745160194
    ],
    "K": [
      [
        1042.2981816880185,
        0.0,
        978.1243822198435
      ],
      [
        0.0,
        1048.8296016074335,
        539.5081698109743
      ],
      [
        0.0,
        0.0,
        1.0
      ]
    ],
    "dist": [
      0.016347348576410407,
      0.009624143213468743,
      0.0015677447146619002,
      0.0027209995693439214,
      0.0009869836664459647
    ]
  },
  "6_2": {
    "R": [
      [
        -0.9228890821365207,
        -0.18484425420705586,
        0.3377992654815102
      ],
      [
        -0.03372813465112237,
        0.9126829944816689,
        0.4072740656080727
      ],
      [
        -0.38358591606857284,
        0.3644754494758327,
        -0.848539622954181
      ]
    ],
    "t": [
      -0.20986285909264957,
      -0.1936148340635132,
      1.6524391178522397
    ],
    "K": [
      [
        1045.1715126310557,
        0.0,
        954.512324928158
      ],
      [
        0.0,
        1037.222515125063,
        544.9181861018309
      ],
      [
        0.0,
        0.0,
        1.0
      ]
    ],
    "dist": [
      -0.005237207099982372,
      0.00968895647088005,
      -0.0012455482507751736,
      0.0012979173855838999,
      -0.0002107900608948173
    ]
  },
  "6_3": {
    "R": [
      [
        -0.7664894968320032,
        0.08456022978704293,
        -0.636665861174121
      ],
      [
        -0.16474854507542913,
        0.9322396140016848,
        0.32216023805168675
      ],
      [
        0.6207670804269118,
        0.3518222130911473,
        -0.7006206978343528
      ]
    ],
    "t": [
      0.7139660848056919,
      -0.1912464853770424,
      1.616320522100706
    ],
    "K": [
      [
        1051.3896954393879,
        0.0,
        969.4346417053227
      ],
      [
        0.0,
        1027.8777455157374,
        543.3821354020288
      ],
      [
        0.0,
        0.0,
        1.0
      ]
    ],
    "dist": [
      -0.005434848258361858,
      -0.009572500203176144,
      0.00023369520820402874,
      0.0022696758385673177,
      0.0013163958614982037
    ]
  },
  "6_4": {
    "R": [
      [
        0.421178370064119,
        -0.27921417624707934,
        0.8629300228713778
      ],
      [
        0.10327343114633453,
        0.9600103926505503,
        0.26022037664679387
      ],
      [
        -0.9010790081948391,
        -0.020481449792455683,
        0.43317101842690703
      ]
    ],
    "t": [
      -1.119876687302462,
      -0.03788894096286244,
      0.5985557974411879
    ],
    "K": [
      [
        1039.7429020026366,
        0.0,
        964.232247755144
      ],
      [
        0.0,
        1048.2773790822055,
        541.5166902616545
      ],
      [
        0.0,
        0.0,
        1.0
      ]
    ],
    "dist": [
      0.016054486876032177,
      0.013314603141855457,
      0.00018332738451295338,
      0.0017879509685805746,
      -0.001437563904285501
    ]
  }
}