{
  "6_1": {
    "R": [
      [
        1.0,
        0.0,
        0.0
      ],
      [
        0.0,
        1.0,
        -1.1636703592967885e-15
      ],
      [
        0.0,
        1.1636703592967885e-15,
        1.0
      ]
    ],
    "t": [
      0.18835643317193887,
      -0.0365276638406912,
      0.06548781509832696
    ],
    "K": [
      [
        1048.052610837114,
        0.0,
        971.1962718290557
      ],
      [
        0.0,
        1049.1774743888195,
        535.6074437202527
      ],
      [
        0.0,
        0.0,
        1.0
      ]
    ],
    "dist": [
      -0.0034758190051281134,
      0.0006232534547629484,
      0.0015677447146768284,
      0.0027209995693439192,
      0.0009869836666019267
    ]
  },
  "6_2": {
    "R": [
      [
        -0.9151851476812447,
        -0.17096052965472658,
        0.3649775921393442
      ],
      [
        -0.02061255203698803,
        0.9242450720473441,
        0.3812429271405863
      ],
      [
        -0.4025062336935673,
        0.34138474496728066,
        -0.8493792955690903
      ]
    ],
    "t": [
      -0.5670843597429144,
      -0.2123519200930625,
      1.3733431640031752
    ],
    "K": [
      [
        1046.300296394635,
        0.0,
        970.4756856043573
      ],
      [
        0.0,
        1022.6596485870783,
        536.1798286017936
      ],
      [
        0.0,
        0.0,
        1.0
      ]
    ],
    "dist": [
      0.012312354129198093,
      0.01247481553672535,
      -0.0012455482507751818,
      0.0012979173861225883,
      -0.00021079006059863216
    ]
  },
  "6_3": {
    "R": [
      [
        -0.7952849762609051,
        0.08338864400443308,
        -0.600473263838444
      ],
      [
        -0.16029588308653925,
        0.926318082323726,
        0.3409399363899779
      ],
      [
        0.584659761228014,
        0.3673978013151379,
        -0.7233199977807916
      ]
    ],
    "t": [
      0.26321491501129446,
      -0.334925483531958,
      1.7864334971611402
    ],
    "K": [
      [
        1051.4892337326307,
        0.0,
        971.6356210619928
      ],
      [
        0.0,
        1027.8190139043106,
        552.1315639959296
      ],
      [
        0.0,
        0.0,
        1.0
      ]
    ],
    "dist": [
      -0.005434848258390289,
      -0.00957250020919841,
      0.00023369520819812147,
      0.0022696758385673125,
      0.0013163958614982008
    ]
  },
  "6_4": {
    "R": [
      [
        0.42905202535553805,
        -0.2732653986121532,
        0.860953181920859
      ],
      [
        0.11247512378079494,
        0.9618855986455879,
        0.24924975757001983
      ],
      [
        -0.8962498011541232,
        -0.010105297598775972,
        0.4434345237931239
      ]
    ],
    "t": [
      -0.8238090885644714,
      -0.05349389059469906,
      0.3287758555246579
    ],
    "K": [
      [
        1032.3595560960027,
        0.0,
        967.2323437884927
      ],
      [
        0.0,
        1048.851684845732,
        550.2879167809554
      ],
      [
        0.0,
        0.0,
        1.0
      ]
    ],
    "dist": [
      0.015983578431937755,
      0.01331429781636484,
      0.00018332738451268466,
      0.0017879509679154116,
      -0.0014375639042855022
    ]
  }
}