{
  "6_1": {
    "R": [
      [
        1.0,
        0.0,
        0.0
      ],
      [
        0.0,
        1.0,
        -2.869567382259779e-16
      ],
      [
        0.0,
        2.869567382259779e-16,
        1.0
      ]
    ],
    "t": [
      -0.032971599308117085,
      -0.003116701055233702,
      -0.0261763438875219
    ],
    "K": [
      [
        1036.7456161148673,
        0.0,
        979.1693826657164
      ],
      [
        0.0,
        1049.1765384683818,
        535.720420474111
      ],
      [
        0.0,
        0.0,
        1.0
      ]
    ],
    "dist": [
      0.005093732352906629,
      -0.0094512515872455,
      0.0015677447146768284,
      0.002720999569343919,
      0.000986983664640855
    ]
  },
  "6_2": {
    "R": [
      [
        -0.9162300620162599,
        -0.16708004733864934,
        0.364152071584105
      ],
      [
        -0.012405799503167073,
        0.9202924963330745,
        0.39103429175933674
      ],
      [
        -0.40046044698118144,
        0.353759775800406,
        -0.8452724125566141
      ]
    ],
    "t": [
      -0.3532462907621635,
      -0.19699518360826393,
      1.3520953272019003
    ],
    "K": [
      [
        1043.4665336973776,
        0.0,
        966.8856691523242
      ],
      [
        0.0,
        1023.1159188656649,
        545.8278048283989
      ],
      [
        0.0,
        0.0,
        1.0
      ]
    ],
    "dist": [
      0.012312292413794269,
      0.012474522524337058,
      -0.0012455482507751818,
      0.0012979173861223587,
      -0.0002107900605982357
    ]
  },
  "6_3": {
    "R": [
      [
        -0.7931652232442562,
        0.08565181549657254,
        -0.6029533109105798
      ],
      [
        -0.15274341292614185,
        0.930437065850989,
        0.3331010601878594
      ],
      [
        0.5895408199977024,
        0.35630132331040104,
        -0.724907572428164
      ]
    ],
    "t": [
      0.43731216100603704,
      -0.2554163643003525,
      1.5249846366853246
    ],
    "K": [
      [
        1046.7054558780699,
        0.0,
        968.1144872276221
      ],
      [
        0.0,
        1027.960029447892,
        551.4072642990295
      ],
      [
        0.0,
        0.0,
        1.0
      ]
    ],
    "dist": [
      -0.005434848258390289,
      -0.009572500209198406,
      0.00023369520819813732,
      0.0022696758385673125,
      0.0013163958614982008
    ]
  },
  "6_4": {
    "R": [
      [
        0.42242835215767804,
        -0.2668141416823846,
        0.8662358230249088
      ],
      [
        0.10262249431892237,
        0.96362581544791,
        0.24676691727643124
      ],
      [
        -0.9005681045612883,
        -0.015346061404892156,
        0.43444399805526807
      ]
    ],
    "t": [
      -0.8838236530014425,
      -0.0558340915511198,
      0.43254822824987543
    ],
    "K": [
      [
        1036.1667389238864,
        0.0,
        964.6968801466137
      ],
      [
        0.0,
        1047.9022945496254,
        546.2338952906911
      ],
      [
        0.0,
        0.0,
        1.0
      ]
    ],
    "dist": [
      0.016112971549667687,
      0.013314603249892898,
      0.00018332738451268477,
      0.0017879509679023834,
      -0.001437563904285501
    ]
  }
}