{
  "6_1": {
    "R": [
      [
        1.0,
        0.0,
        0.0
      ],
      [
        0.0,
        1.0,
        1.309722884915794e-15
      ],
      [
        0.0,
        -1.309722884915794e-15,
        1.0
      ]
    ],
    "t": [
      0.12144887739976916,
      -0.05786811529172048,
      0.049701084515394185
    ],
    "K": [
      [
        1044.5470187568285,
        0.0,
        970.4792916024717
      ],
      [
        0.0,
        1049.1773169637984,
        535.6403424322908
      ],
      [
        0.0,
        0.0,
        1.0
      ]
    ],
    "dist": [
      -0.003632902024285487,
      -0.009952114575673392,
      0.0015677447146768284,
      0.0027209995713360197,
      0.0009869836646066565
    ]
  },
  "6_2": {
    "R": [
      [
        -0.9213393056710002,
        -0.17647299735221023,
        0.3463974091000192
      ],
      [
        -0.03269895331370483,
        0.923053268775262,
        0.3832798474424304
      ],
      [
        -0.38738180426791785,
        0.34180395581214584,
        -0.8562157400522962
      ]
    ],
    "t": [
      -0.4495774196848231,
      -0.2295891916700292,
      1.2959269827527895
    ],
    "K": [
      [
        1035.8678948016345,
        0.0,
        954.6107087004
      ],
      [
        0.0,
        1022.6597588772631,
        538.1856555288684
      ],
      [
        0.0,
        0.0,
        1.0
      ]
    ],
    "dist": [
      0.011147588175889258,
      -0.0021835292183049713,
      -0.0012455482507750513,
      0.001297917386122606,
      -0.0002107900625072574
    ]
  },
  "6_3": {
    "R": [
      [
        -0.7817233413646526,
        0.08071286417670544,
        -0.6183801833193521
      ],
      [
        -0.16781245426126684,
        0.9277886757901779,
        0.33323738276237486
      ],
      [
        0.6006226750302497,
        0.36427133654996796,
        -0.7117294398910353
      ]
    ],
    "t": [
      0.3204656851328421,
      -0.3255092015516831,
      1.6341537024192254
    ],
    "K": [
      [
        1041.9561631785484,
        0.0,
        960.1889565577479
      ],
      [
        0.0,
        1047.751212300515,
        552.1306963393869
      ],
      [
        0.0,
        0.0,
        1.0
      ]
    ],
    "dist": [
      -0.005371032392535478,
      -0.009505979951849942,
      0.00023369520819812147,
      0.0022696758405659715,
      0.0013163958615029327
    ]
  },
  "6_4": {
    "R": [
      [
        0.42883357613632234,
        -0.2571424303194032,
        0.8660135879462653
      ],
      [
        0.09065421179984137,
        0.9660435821446436,
        0.24195373789237992
      ],
      [
        -0.898823440872056,
        -0.025250107456718435,
        0.43758296837553173
      ]
    ],
    "t": [
      -0.7765346198076974,
      -0.07834937716498118,
      0.33910734640409107
    ],
    "K": [
      [
        1034.1184004142492,
        0.0,
        958.5677769054729
      ],
      [
        0.0,
        1043.3380996282676,
        542.5786051937113
      ],
      [
        0.0,
        0.0,
        1.0
      ]
    ],
    "dist": [
      -0.003856362803658451,
      0.012809610744837099,
      0.00018332738451268466,
      0.0017879509699006563,
      -0.0014375639042855212
    ]
  }
}