{
  "6_1": {
    "R": [
      [
        1.0,
        0.0,
        0.0
      ],
      [
        0.0,
        1.0,
        6.77045853143645e-16
      ],
      [
        0.0,
        -6.77045853143645e-16,
        1.0
      ]
    ],
    "t": [
      -0.22615709665494593,
      0.08407836551555886,
      -0.09811909373427076
    ],
    "K": [
      [
        1049.813556122075,
        0.0,
        978.4609148585671
      ],
      [
        0.0,
        1034.8791518776998,
        541.2632791270205
      ],
      [
        0.0,
        0.0,
        1.0
      ]
    ],
    "dist": [
      0.016356013962735505,
      0.007176763154242575,
      0.001567744714151901,
      0.002720999569343926,
      0.0009869836647507647
    ]
  },
  "6_2": {
    "R": [
      [
        -0.9190275214143203,
        -0.19429915489941585,
        0.3429814182844658
      ],
      [
        -0.03448208393409563,
        0.9063743567212393,
        0.42106592282648725
      ],
      [
        -0.3926823153270502,
        0.3751444573541399,
        -0.8396828182985853
      ]
    ],
    "t": [
      -0.2157158092715281,
      -0.1898127835498354,
      1.6352122644723162
    ],
    "K": [
      [
        1045.158144939397,
        0.0,
        954.3166225996952
      ],
      [
        0.0,
        1022.9456872165291,
        545.7032187327759
      ],
      [
        0.0,
        0.0,
        1.0
      ]
    ],
    "dist": [
      -0.00765135040528849,
      0.009143514323180675,
      -0.0012455482507751818,
      0.0012979173855619452,
      -0.0002107900606912498
    ]
  },
  "6_3": {
    "R": [
      [
        -0.7682904347085013,
        0.09506580800226314,
        -0.6330026066962907
      ],
      [
        -0.15840259482645494,
        0.9299149594282494,
        0.33191382342982234
      ],
      [
        0.6201922491354338,
        0.35527547112126134,
        -0.699386097754236
      ]
    ],
    "t": [
      0.7196470178380391,
      -0.17509603319414915,
      1.6144027817983542
    ],
    "K": [
      [
        1051.0556330010204,
        0.0,
        958.7376287983157
      ],
      [
        0.0,
        1028.9365533022174,
        532.7460270347059
      ],
      [
        0.0,
        0.0,
        1.0
      ]
    ],
    "dist": [
      -0.005434848257092135,
      -0.009572499741682413,
      0.00023369521019811251,
      0.002269675838567314,
      0.0013163958614982063
    ]
  },
  "6_4": {
    "R": [
      [
        0.43793059863448786,
        -0.2913916678029064,
        0.8504749771243595
      ],
      [
        0.10606702514619809,
        0.956153776379948,
        0.27298304359611797
      ],
      [
        -0.8927298454494926,
        -0.02934027691425077,
        0.44963604303294036
      ]
    ],
    "t": [
      -1.1143885620503322,
      -0.02814988695699655,
      0.5873605944057513
    ],
    "K": [
      [
        1033.7247923848377,
        0.0,
        968.5618253971517
      ],
      [
        0.0,
        1047.5926463705453,
        536.5536546088999
      ],
      [
        0.0,
        0.0,
        1.0
      ]
    ],
    "dist": [
      0.01611307812003109,
      0.013314603308142737,
      0.00018332738457072214,
      0.0017879509679070817,
      -0.001437563904285501
    ]
  }
}