{
  "6_1": {
    "R": [
      [
        1.0,
        0.0,
        0.0
      ],
      [
        0.0,
        1.0,
        -2.7411281075128644e-16
      ],
      [
        0.0,
        2.7411281075128644e-16,
        1.0
      ]
    ],
    "t": [
      -0.32377470515658996,
      0.30329703006602987,
      0.035835681744644576
    ],
    "K": [
      [
        1039.4520851593516,
        0.0,
        968.0055943395278
      ],
      [
        0.0,
        1046.1509144024697,
        546.3648759693167
      ],
      [
        0.0,
        0.0,
        1.0
      ]
    ],
    "dist": [
      0.004068101594592001,
      -0.0010085698884451943,
      0.00156774471397577,
      0.0027209995706613008,
      0.0009869836657511331
    ]
  },
  "6_2": {
    "R": [
      [
        -0.5542115864328772,
        0.274481934134305,
        0.7858175267181591
      ],
      [
        0.6231321777677832,
        0.76273028738558,
        0.17305720942824318
      ],
      [
        -0.5518657504266173,
        0.5855784973328529,
        -0.5937524879673891
      ]
    ],
    "t": [
      -1.049600552117296,
      0.26486843773219354,
      2.5224322743306056
    ],
    "K": [
      [
        1030.2428942223212,
        0.0,
        964.4598549553972
      ],
      [
        0.0,
        1037.0276432781177,
        537.1398194208772
      ],
      [
        0.0,
        0.0,
        1.0
      ]
    ],
    "dist": [
      0.003729744896282934,
      0.003753969898572001,
      -0.001245548249501772,
      0.0012979173852591423,
      -0.00021079006144994505
    ]
  },
  "6_3": {
    "R": [
      [
        -0.8990947622650944,
        0.43216953171787725,
        0.0697001027418479
      ],
      [
        0.4370025084825138,
        0.8767749868069334,
        0.20073472566970588
      ],
      [
        0.025640125730267745,
        0.2109386601940296,
        -0.9771629677735868
      ]
    ],
    "t": [
      0.21431168373461876,
      0.10654309330313222,
      3.465721340090748
    ],
    "K": [
      [
        1040.127931309179,
        0.0,
        966.1260613700504
      ],
      [
        0.0,
        1045.4282564409323,
        539.9798579992422
      ],
      [
        0.0,
        0.0,
        1.0
      ]
    ],
    "dist": [
      0.005938540039398818,
      0.0012905117085507656,
      0.00023369520880655694,
      0.0022696758395140655,
      0.001316395862559506
    ]
  },
  "6_4": {
    "R": [
      [
        0.04000916977303149,
        -0.32845879622274066,
        0.9436705386510595
      ],
      [
        0.5106009628352222,
        0.8185260681324152,
        0.2632522222877382
      ],
      [
        -0.8588864436500421,
        0.4713065827798258,
        0.20045992602659116
      ]
    ],
    "t": [
      -0.49902770282196773,
      0.29464469202279076,
      1.514313168968875
    ],
    "K": [
      [
        1043.1166865121538,
        0.0,
        967.5251263118374
      ],
      [
        0.0,
        1035.9988110368686,
        540.3917443198605
      ],
      [
        0.0,
        0.0,
        1.0
      ]
    ],
    "dist": [
      0.0014781413246155544,
      -0.0011618727673478409,
      0.00018332738529508756,
      0.0017879509684131404,
      -0.0014375639057262054
    ]
  }
}