{
  "6_1": {
    "R": [
      [
        1.0,
        0.0,
        0.0
      ],
      [
        0.0,
        1.0,
        2.181721952800873e-15
      ],
      [
        0.0,
        -2.181721952800873e-15,
        1.0
      ]
    ],
    "t": [
      -0.04988112204643877,
      0.15187469190706598,
      0.02170602955097306
    ],
    "K": [
      [
        1036.0924775464637,
        0.0,
        978.9160825286564
      ],
      [
        0.0,
        1049.1774743889996,
        535.6073446021793
      ],
      [
        0.0,
        0.0,
        1.0
      ]
    ],
    "dist": [
      -0.003634103319832277,
      -0.00996010484873153,
      0.0015677447146768284,
      0.002720999569343919,
      0.0009869836646034004
    ]
  },
  "6_2": {
    "R": [
      [
        -0.925095740183487,
        -0.1617859697849192,
        0.3435450064767637
      ],
      [
        -0.020237803954661848,
        0.9244189398592569,
        0.38084124634889677
      ],
      [
        -0.3791942810558449,
        0.34536201819285456,
        -0.8584502161478552
      ]
    ],
    "t": [
      -0.49145680485901144,
      -0.11769974072633704,
      2.019433204043984
    ],
    "K": [
      [
        1038.7379238978679,
        0.0,
        954.5634694010446
      ],
      [
        0.0,
        1022.6425866435438,
        545.9573791764532
      ],
      [
        0.0,
        0.0,
        1.0
      ]
    ],
    "dist": [
      0.01231238445313933,
      0.012474839995669885,
      -0.0012455482507751818,
      0.0012979173861226063,
      -0.00021079006059872168
    ]
  },
  "6_3": {
    "R": [
      [
        -0.7887228152513659,
        0.07610357777549143,
        -0.6100201358576038
      ],
      [
        -0.1640570053850097,
        0.930262406102738,
        0.3281724467045451
      ],
      [
        0.5924538966755664,
        0.3589151727660929,
        -0.7212338587949286
      ]
    ],
    "t": [
      0.6298565367531944,
      -0.20831976081672607,
      2.285115691066566
    ],
    "K": [
      [
        1050.180930261638,
        0.0,
        973.275447274464
      ],
      [
        0.0,
        1036.8235654109415,
        552.1315547719172
      ],
      [
        0.0,
        0.0,
        1.0
      ]
    ],
    "dist": [
      -0.005434823064734053,
      -0.005825928887542273,
      0.00023369520819812147,
      0.002269675838567313,
      0.0013163958634699342
    ]
  },
  "6_4": {
    "R": [
      [
        0.41874958823670105,
        -0.25029019672718295,
        0.8729281756100334
      ],
      [
        0.09569069110607337,
        0.9680770165989814,
        0.23166825757634008
      ],
      [
        -0.9030459977139788,
        -0.013479887057518528,
        0.4293322939841367
      ]
    ],
    "t": [
      -1.278370993981988,
      0.08763612459611726,
      0.6232099051843684
    ],
    "K": [
      [
        1032.2890231366948,
        0.0,
        958.2292361041495
      ],
      [
        0.0,
        1031.6210082608538,
        550.877939568632
      ],
      [
        0.0,
        0.0,
        1.0
      ]
    ],
    "dist": [
      -0.003886906160303452,
      0.005606774238014669,
      0.00018332738451268466,
      0.0017879509699010672,
      -0.0014375639043228499
    ]
  }
}