{
  "6_1": {
    "R": [
      [
        1.0,
        0.0,
        0.0
      ],
      [
        0.0,
        1.0,
        -1.9309090172048534e-15
      ],
      [
        0.0,
        1.9309090172048534e-15,
        1.0
      ]
    ],
    "t": [
      -5.025192086537521e-06,
      -3.312149573640972e-06,
      -3.7789362393368233e-06
    ],
    "K": [
      [
        1042.8444206740494,
        0.0,
        969.4125918647655
      ],
      [
        0.0,
        1039.1774838201216,
        545.607317861355
      ],
      [
        0.0,
        0.0,
        1.0
      ]
    ],
    "dist": [
      0.006365813769983772,
      3.9907926935190275e-05,
      0.0015677447136768256,
      0.002720999570343916,
      0.0009869836656033987
    ]
  },
  "6_2": {
    "R": [
      [
        -0.8529858472785001,
        0.022683256282247988,
        0.5214409019505596
      ],
      [
        0.20842398742295493,
        0.930744450088335,
        0.3004566692494592
      ],
      [
        -0.4785128899092429,
        0.36496607858018376,
        -0.798639578080443
      ]
    ],
    "t": [
      -0.2688081437993015,
      -0.09011160661887871,
      2.222345868356877
    ],
    "K": [
      [
        1036.3043921981168,
        0.0,
        964.253659494421
      ],
      [
        0.0,
        1032.6417965546134,
        535.961233939295
      ],
      [
        0.0,
        0.0,
        1.0
      ]
    ],
    "dist": [
      0.002312403861466771,
      0.0024751113850035042,
      -0.0012455482497751799,
      0.0012979173851226074,
      -0.00021079006159791276
    ]
  },
  "6_3": {
    "R": [
      [
        -0.8826752936409602,
        0.17749364278714297,
        -0.43517850678313014
      ],
      [
        0.05899984527629327,
        0.9604669974815088,
        0.2720701472161701
      ],
      [
        0.4662653153015118,
        0.2144741325171992,
        -0.8582525864964093
      ]
    ],
    "t": [
      0.9445884373313151,
      -0.10334299718522882,
      2.2427689840490967
    ],
    "K": [
      [
        1041.4893179890462,
        0.0,
        968.2517702633966
      ],
      [
        0.0,
        1037.8189946345415,
        542.1316195835175
      ],
      [
        0.0,
        0.0,
        1.0
      ]
    ],
    "dist": [
      0.004565129078806278,
      0.0004274789190576297,
      0.0002336952091981224,
      0.002269675839567309,
      0.0013163958624981987
    ]
  },
  "6_4": {
    "R": [
      [
        0.6262844375305066,
        -0.27052999643054987,
        0.7311506851110677
      ],
      [
        0.1672140747092541,
        0.9626474252217727,
        0.21295395730772326
      ],
      [
        -0.7614507577816342,
        -0.011111064088478576,
        0.6481275242794404
      ]
    ],
    "t": [
      -0.9437327606393814,
      -0.037974993138763555,
      0.32852055512386036
    ],
    "K": [
      [
        1042.283499531683,
        0.0,
        965.8134754365075
      ],
      [
        0.0,
        1038.851650131538,
        540.9193286087963
      ],
      [
        0.0,
        0.0,
        1.0
      ]
    ],
    "dist": [
      0.006113022776125597,
      0.003314532808775756,
      0.00018332738551267888,
      0.0017879509689010741,
      -0.0014375639052855076
    ]
  }
}