{
  "6_1": {
    "R": [
      [
        1.0,
        0.0,
        0.0
      ],
      [
        0.0,
        1.0,
        -3.4302139752809116e-15
      ],
      [
        0.0,
        3.4302139752809116e-15,
        1.0
      ]
    ],
    "t": [
      -0.263180486469262,
      0.08123512501565609,
      -0.12128357327661725
    ],
    "K": [
      [
        1049.6157542861722,
        0.0,
        977.9808273547685
      ],
      [
        0.0,
        1030.4236471783981,
        545.2361405865836
      ],
      [
        0.0,
        0.0,
        1.0
      ]
    ],
    "dist": [
      0.01629916249541809,
      -0.0007799358477611968,
      0.001567744713172189,
      0.0027209995693442714,
      0.0009869836646525384
    ]
  },
  "6_2": {
    "R": [
      [
        -0.9182344276149816,
        -0.19932936045842956,
        0.3422182666103909
      ],
      [
        -0.039440094517062846,
        0.9058352554548315,
        0.4217901953810285
      ],
      [
        -0.39406854084926934,
        0.37380515784873075,
        -0.8396306861225435
      ]
    ],
    "t": [
      -0.17756801579663228,
      -0.18920503037829203,
      1.632699454910447
    ],
    "K": [
      [
        1046.1148314169584,
        0.0,
        955.3950494539708
      ],
      [
        0.0,
        1022.7499716579874,
        541.937592714762
      ],
      [
        0.0,
        0.0,
        1.0
      ]
    ],
    "dist": [
      -0.006913003804944694,
      0.007328671446980025,
      -0.00124554825076735,
      0.001297917384195411,
      -0.00021079006086460622
    ]
  },
  "6_3": {
    "R": [
      [
        -0.77044070888172,
        0.09430230944601453,
        -0.6304983652088092
      ],
      [
        -0.16178632874440668,
        0.9276997188342937,
        0.3364497221074477
      ],
      [
        0.6166411419368965,
        0.3612205781900031,
        -0.699480804570676
      ]
    ],
    "t": [
      0.7439828362056159,
      -0.17328336311169942,
      1.5663095374515021
    ],
    "K": [
      [
        1050.5811621373255,
        0.0,
        963.3723366984945
      ],
      [
        0.0,
        1030.087095556362,
        532.5396911966532
      ],
      [
        0.0,
        0.0,
        1.0
      ]
    ],
    "dist": [
      -0.005434844378735809,
      -0.009572431302307805,
      0.0002336952101536646,
      0.0022696758385673975,
      0.0013163958614983158
    ]
  },
  "6_4": {
    "R": [
      [
        0.43482226599598306,
        -0.298925043537889,
        0.8494547753353262
      ],
      [
        0.11104594975637179,
        0.953896940573078,
        0.2788358366638457
      ],
      [
        -0.8936433259622228,
        -0.026915518036862512,
        0.44797004459225104
      ]
    ],
    "t": [
      -1.1250307482158488,
      -0.04559891641513899,
      0.6034053609956879
    ],
    "K": [
      [
        1033.40495071853,
        0.0,
        969.2340107918479
      ],
      [
        0.0,
        1048.8503017646274,
        540.7453597283883
      ],
      [
        0.0,
        0.0,
        1.0
      ]
    ],
    "dist": [
      0.01611260638930578,
      0.013314603308138825,
      0.00018332738457640347,
      0.0017879509679256766,
      -0.001437563904285501
    ]
  }
}