{
  "6_1": {
    "R": [
      [
        1.0,
        0.0,
        0.0
      ],
      [
        0.0,
        1.0,
        6.741724576147111e-15
      ],
      [
        0.0,
        -6.741724576147111e-15,
        1.0
      ]
    ],
    "t": [
      -0.14029983343582814,
      0.04737727411047963,
      -0.08303155591025044
    ],
    "K": [
      [
        1051.4230464799286,
        0.0,
        978.1362478465226
      ],
      [
        0.0,
        1035.6856705577766,
        543.5823957716289
      ],
      [
        0.0,
        0.0,
        1.0
      ]
    ],
    "dist": [
      0.01636579371705127,
      0.00996287075432212,
      0.0015677447143343575,
      0.002720999569343919,
      0.000986983666099619
    ]
  },
  "6_2": {
    "R": [
      [
        -0.9172757076285935,
        -0.19502644593058632,
        0.3472318556557667
      ],
      [
        -0.03598218642145762,
        0.908906916450461,
        0.41544373805468127
      ],
      [
        -0.39662395093437636,
        0.36858228744230137,
        -0.840735712890208
      ]
    ],
    "t": [
      -0.286081251742031,
      -0.21133494190516502,
      1.5608610680741692
    ],
    "K": [
      [
        1046.2555708534392,
        0.0,
        960.862078871926
      ],
      [
        0.0,
        1024.8155163123647,
        545.6620465760186
      ],
      [
        0.0,
        0.0,
        1.0
      ]
    ],
    "dist": [
      -0.007600919761722158,
      0.010511228704564916,
      -0.0012455482507751818,
      0.0012979173841925855,
      -0.00021079006062782744
    ]
  },
  "6_3": {
    "R": [
      [
        -0.7738685193319544,
        0.09112705594329876,
        -0.6267562320887405
      ],
      [
        -0.15902696232942762,
        0.9299341477432234,
        0.3315613157673241
      ],
      [
        0.6130562291007597,
        0.35625600421072384,
        -0.7051551030975849
      ]
    ],
    "t": [
      0.6208584435379627,
      -0.21367319207980628,
      1.6263732497017762
    ],
    "K": [
      [
        1051.413307622582,
        0.0,
        968.1410724524594
      ],
      [
        0.0,
        1028.8196956920465,
        533.0415896165587
      ],
      [
        0.0,
        0.0,
        1.0
      ]
    ],
    "dist": [
      -0.005434848258390289,
      -0.00957250020837341,
      0.00023369521019812127,
      0.0022696758385673125,
      0.0013163958614982008
    ]
  },
  "6_4": {
    "R": [
      [
        0.43071063636191165,
        -0.290066446620286,
        0.8546050574796511
      ],
      [
        0.10091086176215834,
        0.9564818727908252,
        0.27378718925649964
      ],
      [
        -0.8968307229924362,
        -0.031684121695835635,
        0.4412377711951095
      ]
    ],
    "t": [
      -1.0349761534002,
      -0.04679589163265369,
      0.5078905805803252
    ],
    "K": [
      [
        1046.8641067849599,
        0.0,
        965.8852960143021
      ],
      [
        0.0,
        1035.0759599232242,
        533.8458077553516
      ],
      [
        0.0,
        0.0,
        1.0
      ]
    ],
    "dist": [
      0.016111942757720724,
      0.013314602401134532,
      0.000183327386512278,
      0.0017879509679070264,
      -0.0014375639042855015
    ]
  }
}