{
  "6_1": {
    "R": [
      [
        1.0,
        0.0,
        0.0
      ],
      [
        0.0,
        1.0,
        6.471617575900625e-16
      ],
      [
        0.0,
        -6.471617575900625e-16,
        1.0
      ]
    ],
    "t": [
      -0.0337825412661833,
      -0.000385052177614831,
      -0.06426385799795446
    ],
    "K": [
      [
        1036.4249237773581,
        0.0,
        978.9150312724611
      ],
      [
        0.0,
        1049.1774735719846,
        535.6209635101454
      ],
      [
        0.0,
        0.0,
        1.0
      ]
    ],
    "dist": [
      -0.003634199794080064,
      -0.009960040503180553,
      0.0015677447146768284,
      0.0027209995709841324,
      0.0009869836646034572
    ]
  },
  "6_2": {
    "R": [
      [
        -0.9248036028929325,
        -0.1718953976785212,
        0.33939691856761817
      ],
      [
        -0.033161495817895376,
        0.9251319937472593,
        0.3781945390144341
      ],
      [
        -0.378996848629868,
        0.33850076277929375,
        -0.8612657094802192
      ]
    ],
    "t": [
      -0.36245038467337837,
      -0.21592135229096243,
      1.4952680313178974
    ],
    "K": [
      [
        1033.3579118646596,
        0.0,
        954.3440894025758
      ],
      [
        0.0,
        1022.6700819530552,
        544.0357186465061
      ],
      [
        0.0,
        0.0,
        1.0
      ]
    ],
    "dist": [
      0.010571724741345805,
      -0.0031814107887250163,
      -0.0012455482507751818,
      0.0012979173861226063,
      -0.0002107900625496508
    ]
  },
  "6_3": {
    "R": [
      [
        -0.7745772371928122,
        0.08047083289127355,
        -0.627339261226758
      ],
      [
        -0.16855369909203488,
        0.929739582605134,
        0.32737434086932177
      ],
      [
        0.6096062287617651,
        0.35931706554381165,
        -0.706591460650242
      ]
    ],
    "t": [
      0.5258379191220135,
      -0.28201886133597925,
      1.6681206818367
    ],
    "K": [
      [
        1045.6192995709132,
        0.0,
        958.4221442394412
      ],
      [
        0.0,
        1047.7275580201983,
        552.1040897024908
      ],
      [
        0.0,
        0.0,
        1.0
      ]
    ],
    "dist": [
      -0.0054320553118979665,
      -0.009523235442397155,
      0.00023369520819812147,
      0.0022696758385839823,
      0.0013163958615018832
    ]
  },
  "6_4": {
    "R": [
      [
        0.4234183583586499,
        -0.25697564645821647,
        0.8687234375405373
      ],
      [
        0.09569175997131125,
        0.9662475219032347,
        0.23918363967765632
      ],
      [
        -0.9008662391711986,
        -0.018145069391978574,
        0.43371739137173343
      ]
    ],
    "t": [
      -0.9685054460283077,
      -0.06544389751658819,
      0.43000166497054904
    ],
    "K": [
      [
        1033.9660077952778,
        0.0,
        959.8818106395724
      ],
      [
        0.0,
        1046.3093904057027,
        549.122976223738
      ],
      [
        0.0,
        0.0,
        1.0
      ]
    ],
    "dist": [
      -0.0035288634472876736,
      0.013263962456947767,
      0.00018332738451268466,
      0.0017879509698936497,
      -0.0014375639042855067
    ]
  }
}