{
  "6_1": {
    "R": [
      [
        1.0,
        0.0,
        0.0
      ],
      [
        0.0,
        1.0,
        2.3861166015192365e-15
      ],
      [
        0.0,
        -2.3861166015192365e-15,
        1.0
      ]
    ],
    "t": [
      -0.18177329123972824,
      0.06838135271272125,
      -0.0984103070002644
    ],
    "K": [
      [
        1052.3741609432818,
        0.0,
        978.4506815149418
      ],
      [
        0.0,
        1038.865606477552,
        537.1200070238673
      ],
      [
        0.0,
        0.0,
        1.0
      ]
    ],
    "dist": [
      0.016359065332678308,
      0.0009641247436230199,
      0.0015677447146767224,
      0.002720999569343919,
      0.0009869836646707912
    ]
  },
  "6_2": {
    "R": [
      [
        -0.9193897241691947,
        -0.19266261356088982,
        0.3429338892964345
      ],
      [
        -0.03400829765542386,
        0.9075029495007866,
        0.4186667318261057
      ],
      [
        -0.39187494278490437,
        0.37325529330909624,
        -0.8409010139333097
      ]
    ],
    "t": [
      -0.27085722576519333,
      -0.21664288005499613,
      1.6759428375526324
    ],
    "K": [
      [
        1045.9443468959032,
        0.0,
        956.0132333642537
      ],
      [
        0.0,
        1023.603247135371,
        545.3957843190935
      ],
      [
        0.0,
        0.0,
        1.0
      ]
    ],
    "dist": [
      -0.007618941423945203,
      0.010739644944559413,
      -0.0012455482507751818,
      0.0012979173841257733,
      -0.00021079006062789242
    ]
  },
  "6_3": {
    "R": [
      [
        -0.771577583016004,
        0.08986636288696206,
        -0.6297555638568431
      ],
      [
        -0.16093652199828043,
        0.9301899996081562,
        0.329918172455043
      ],
      [
        0.6154408739060793,
        0.35590813625210554,
        -0.7032509717556558
      ]
    ],
    "t": [
      0.6986195835155175,
      -0.2109995453398631,
      1.7132663027451502
    ],
    "K": [
      [
        1050.7497564553257,
        0.0,
        963.1404962882596
      ],
      [
        0.0,
        1031.680669820741,
        534.3664831792174
      ],
      [
        0.0,
        0.0,
        1.0
      ]
    ],
    "dist": [
      -0.005434848258080214,
      -0.009572500096410827,
      0.00023369520841640123,
      0.0022696758385673185,
      0.0013163958614982015
    ]
  },
  "6_4": {
    "R": [
      [
        0.43597255001954616,
        -0.2921376432644836,
        0.8512247253324633
      ],
      [
        0.11301095949930777,
        0.9561316901749449,
        0.2702604559980037
      ],
      [
        -0.8928361880336729,
        -0.021628417211538617,
        0.44986192649125517
      ]
    ],
    "t": [
      -1.1308139536522004,
      -0.04430253416796305,
      0.5647608029135759
    ],
    "K": [
      [
        1033.081781459978,
        0.0,
        968.6786344812186
      ],
      [
        0.0,
        1048.6211649261525,
        540.303340692583
      ],
      [
        0.0,
        0.0,
        1.0
      ]
    ],
    "dist": [
      0.016076845384185554,
      0.013314603308136424,
      0.00018332738458246361,
      0.0017879509682078817,
      -0.001437563904285501
    ]
  }
}