{
  "6_1": {
    "R": [
      [
        1.0,
        0.0,
        0.0
      ],
      [
        0.0,
        1.0,
        -4.316187084786905e-16
      ],
      [
        0.0,
        4.316187084786905e-16,
        1.0
      ]
    ],
    "t": [
      0.08873710277801862,
      0.23407324392721326,
      -0.4885171933948515
    ],
    "K": [
      [
        1032.844404220935,
        0.0,
        959.4126138704677
      ],
      [
        0.0,
        1049.1774743889996,
        535.6073445831687
      ],
      [
        0.0,
        0.0,
        1.0
      ]
    ],
    "dist": [
      -0.003634202499693641,
      -0.009960104902395728,
      0.0015677447146768284,
      0.002720999569343919,
      0.0009869836646033978
    ]
  },
  "6_2": {
    "R": [
      [
        -0.7699336705299301,
        0.060049356533885906,
        0.6352922302091972
      ],
      [
        0.4023407386693162,
        0.8184223719170005,
        0.41025205807257237
      ],
      [
        -0.4953020018042915,
        0.5714708180875192,
        -0.6542912433183279
      ]
    ],
    "t": [
      -1.1377522839988128,
      -0.1565927784817853,
      1.7856288184630829
    ],
    "K": [
      [
        1046.2984641167623,
        0.0,
        974.1385728902063
      ],
      [
        0.0,
        1022.6417574687001,
        545.9612255148313
      ],
      [
        0.0,
        0.0,
        1.0
      ]
    ],
    "dist": [
      0.01231238467177169,
      0.012475087646742279,
      -0.0012455482507748976,
      0.0012979173841226068,
      -0.00021079006059791558
    ]
  },
  "6_3": {
    "R": [
      [
        -0.9377620092844506,
        0.33087894597547907,
        0.10545869832757263
      ],
      [
        0.34619598025738085,
        0.8667330737260387,
        0.35905726863975934
      ],
      [
        0.027399948839753947,
        0.3732196431319889,
        -0.9273383097791279
      ]
    ],
    "t": [
      -0.22506834642757226,
      -0.14462017067066513,
      2.7341530389808613
    ],
    "K": [
      [
        1031.4893645324266,
        0.0,
        958.2518077900621
      ],
      [
        0.0,
        1027.8197305028432,
        532.1403591998269
      ],
      [
        0.0,
        0.0,
        1.0
      ]
    ],
    "dist": [
      -0.005291919748253813,
      -0.007950181019593924,
      0.00023369520819812147,
      0.002269675840567271,
      0.001316395861616639
    ]
  },
  "6_4": {
    "R": [
      [
        -0.18990195558992207,
        -0.06051902773702433,
        0.9799360665598997
      ],
      [
        0.6021492483450644,
        0.7811614224744172,
        0.16493366774318283
      ],
      [
        -0.7754698769008355,
        0.6213889919523116,
        -0.11190259469687386
      ]
    ],
    "t": [
      -0.9398659908279713,
      0.3816064169481186,
      1.0046154775918181
    ],
    "K": [
      [
        1052.2835096084927,
        0.0,
        974.5101833189516
      ],
      [
        0.0,
        1028.8517348420128,
        530.9193472804645
      ],
      [
        0.0,
        0.0,
        1.0
      ]
    ],
    "dist": [
      0.013145890555202152,
      0.0038000491368526896,
      0.00018332738651268414,
      0.0017879509698996911,
      -0.0014375639052823556
    ]
  }
}