{
  "6_1": {
    "R": [
      [
        1.0,
        0.0,
        0.0
      ],
      [
        0.0,
        1.0,
        0.0
      ],
      [
        0.0,
        0.0,
        1.0
      ]
    ],
    "t": [
      -0.05389053740094865,
      0.05323262075527169,
      -0.04222315751502288
    ],
    "K": [
      [
        1037.3183921802545,
        0.0,
        979.029665398875
      ],
      [
        0.0,
        1049.1772064808583,
        535.6256562626328
      ],
      [
        0.0,
        0.0,
        1.0
      ]
    ],
    "dist": [
      -0.0035756578528026144,
      -0.009957384100293185,
      0.0015677447146768284,
      0.002720999569343919,
      0.0009869836646034344
    ]
  },
  "6_2": {
    "R": [
      [
        -0.9231215140551053,
        -0.16745482753084068,
        0.3461293848046223
      ],
      [
        -0.02376030452926385,
        0.9233091892732211,
        0.38332178249129495
      ],
      [
        -0.3837735246434888,
        0.34562844463418135,
        -0.856305354439916
      ]
    ],
    "t": [
      -0.3984154514620144,
      -0.18414432805939057,
      1.6553174237278585
    ],
    "K": [
      [
        1034.9867094739425,
        0.0,
        958.2105905765644
      ],
      [
        0.0,
        1023.3497745515466,
        545.9491958865561
      ],
      [
        0.0,
        0.0,
        1.0
      ]
    ],
    "dist": [
      0.0024356980004712216,
      0.011786866501431396,
      -0.0012455482507751818,
      0.001297917385258381,
      -0.0002107900606293296
    ]
  },
  "6_3": {
    "R": [
      [
        -0.7837144126941045,
        0.0741570134262531,
        -0.6166785683767788
      ],
      [
        -0.1632844397801994,
        0.9333273960189942,
        0.31974703058209947
      ],
      [
        0.5992744872437015,
        0.35128437084519165,
        -0.7193534456292654
      ]
    ],
    "t": [
      0.5564121823169564,
      -0.2432411408233309,
      1.846890205219474
    ],
    "K": [
      [
        1044.420654654362,
        0.0,
        971.409974470463
      ],
      [
        0.0,
        1027.8550466196698,
        551.648349061766
      ],
      [
        0.0,
        0.0,
        1.0
      ]
    ],
    "dist": [
      -0.005434752650140628,
      -0.008192431488340073,
      0.00023369520819812147,
      0.0022696758385673125,
      0.0013163958634381146
    ]
  },
  "6_4": {
    "R": [
      [
        0.4307437550997826,
        -0.2574891250545772,
        0.8649619459381824
      ],
      [
        0.0895179699486042,
        0.9658976522030343,
        0.2429573183193858
      ],
      [
        -0.8980235801463231,
        -0.02722271013868502,
        0.4391042855107267
      ]
    ],
    "t": [
      -1.0688910746730063,
      -0.011955465199899937,
      0.5024878364478038
    ],
    "K": [
      [
        1032.295970150451,
        0.0,
        961.1425927064405
      ],
      [
        0.0,
        1048.741314947832,
        539.7805732097847
      ],
      [
        0.0,
        0.0,
        1.0
      ]
    ],
    "dist": [
      -0.002849212855822939,
      0.01309077712783817,
      0.00018332738451268675,
      0.0017879509699000734,
      -0.0014375639042865623
    ]
  }
}