{
  "6_1": {
    "R": [
      [
        1.0,
        0.0,
        0.0
      ],
      [
        0.0,
        1.0,
        -2.867243713425528e-16
      ],
      [
        0.0,
        2.867243713425528e-16,
        1.0
      ]
    ],
    "t": [
      -0.11491952177816747,
      0.02388752778791541,
      0.09355598824327362
    ],
    "K": [
      [
        1052.8444042209323,
        0.0,
        959.4126138701589
      ],
      [
        0.0,
        1029.1774743889982,
        555.3876779290243
      ],
      [
        0.0,
        0.0,
        1.0
      ]
    ],
    "dist": [
      -0.0036342024995384167,
      -0.00996010490229429,
      0.0015677447146768284,
      0.002720999569343919,
      0.0009869836646033987
    ]
  },
  "6_2": {
    "R": [
      [
        -0.6842546306971912,
        -0.3296757256711213,
        0.6504686896943389
      ],
      [
        0.10671378630346627,
        0.8371088310453032,
        0.5365267680169774
      ],
      [
        -0.7213929360495767,
        0.43653490225775177,
        -0.5376146491015534
      ]
    ],
    "t": [
      -0.5822792330792307,
      -0.27478613087565656,
      1.4601663257907804
    ],
    "K": [
      [
        1046.3043983268417,
        0.0,
        974.2536580635219
      ],
      [
        0.0,
        1022.6417482952659,
        525.9686035017271
      ],
      [
        0.0,
        0.0,
        1.0
      ]
    ],
    "dist": [
      0.012312384671771684,
      0.012475087646742279,
      -0.001245548248867944,
      0.0012979173841226068,
      -0.00021079006059791558
    ]
  },
  "6_3": {
    "R": [
      [
        -0.9887041785526137,
        0.05882352358637367,
        -0.13785441735934584
      ],
      [
        -0.03330979768592774,
        0.8105239480367872,
        0.5847575455152183
      ],
      [
        0.14613180588333236,
        0.5827441314434179,
        -0.7994090145710973
      ]
    ],
    "t": [
      0.14645472486760402,
      -0.4585538130032729,
      2.0455102500071938
    ],
    "K": [
      [
        1031.4893615759077,
        0.0,
        978.2518064042611
      ],
      [
        0.0,
        1047.8189510297473,
        552.1316009674359
      ],
      [
        0.0,
        0.0,
        1.0
      ]
    ],
    "dist": [
      -0.005434848258390286,
      -0.009572500201118323,
      0.00023369520819812147,
      0.0022696758385673146,
      0.0013163958614982008
    ]
  },
  "6_4": {
    "R": [
      [
        0.6544777444127798,
        -0.3631316135460788,
        0.6631698977726458
      ],
      [
        0.20301434225133,
        0.9293057568645988,
        0.3085060568264021
      ],
      [
        -0.7283159059835368,
        -0.06727734761222906,
        0.6819308612972751
      ]
    ],
    "t": [
      -0.9129478477664763,
      -0.051209859122119505,
      0.5412797361063248
    ],
    "K": [
      [
        1032.9997040003252,
        0.0,
        957.2351598160124
      ],
      [
        0.0,
        1033.3065352051026,
        550.8435497518789
      ],
      [
        0.0,
        0.0,
        1.0
      ]
    ],
    "dist": [
      -0.0038339104142444376,
      -0.006559959267973994,
      0.00018332738451268466,
      0.0017879509698315564,
      -0.0014375639062430665
    ]
  }
}