{
  "6_1": {
    "R": [
      [
        1.0,
        0.0,
        0.0
      ],
      [
        0.0,
        1.0,
        0.0
      ],
      [
        0.0,
        0.0,
        1.0
      ]
    ],
    "t": [
      -0.278565948903242,
      0.20856796407527264,
      -0.45881760787585196
    ],
    "K": [
      [
        1052.8444041568719,
        0.0,
        979.411456550957
      ],
      [
        0.0,
        1049.176313072353,
        555.0156458818207
      ],
      [
        0.0,
        0.0,
        1.0
      ]
    ],
    "dist": [
      0.01635123244115598,
      -0.009960104786085888,
      0.0015677447126768288,
      0.0027209995693439192,
      0.000986983664603401
    ]
  },
  "6_2": {
    "R": [
      [
        0.0376567751626173,
        -0.17043065907591803,
        0.9846498655518622
      ],
      [
        0.4110866406403718,
        0.9007525867613012,
        0.1401875576855456
      ],
      [
        -0.9108181713005982,
        0.39949739409634777,
        0.10398120473845988
      ]
    ],
    "t": [
      -25.479659135512097,
      7.870004718824859,
      60.93186777905996
    ],
    "K": [
      [
        1036.304398326841,
        0.0,
        964.253660177554
      ],
      [
        0.0,
        1032.6417482952668,
        535.9612305089047
      ],
      [
        0.0,
        0.0,
        1.0
      ]
    ],
    "dist": [
      0.00231238467077169,
      0.00247508764574228,
      -0.001245548249775182,
      0.0012979173851226065,
      -0.00021079006159791555
    ]
  },
  "6_3": {
    "R": [
      [
        -0.8128465002717115,
        0.10289062251320764,
        0.5733184863536803
      ],
      [
        0.2948096060527486,
        0.9215669974691727,
        0.252589717436552
      ],
      [
        -0.5023622827950499,
        0.3743364649276084,
        -0.7794256525483669
      ]
    ],
    "t": [
      -0.43664836124288087,
      1.8724871884100391,
      91.83258614993852
    ],
    "K": [
      [
        1041.4893615759083,
        0.0,
        968.2518064042603
      ],
      [
        0.0,
        1037.8189510297466,
        542.131600967435
      ],
      [
        0.0,
        0.0,
        1.0
      ]
    ],
    "dist": [
      0.004565151742609711,
      0.0004274997918015897,
      0.00023369520919812144,
      0.002269675839567312,
      0.0013163958624982006
    ]
  },
  "6_4": {
    "R": [
      [
        0.5163010659210467,
        -0.5417852919590479,
        0.663251013377017
      ],
      [
        0.43724051888449394,
        0.8326741637622641,
        0.33981534051368634
      ],
      [
        -0.7363789364005527,
        0.11455319471609363,
        0.6668010404955345
      ]
    ],
    "t": [
      -0.7301681006501348,
      -0.06162269911956783,
      -0.12955156346645372
    ],
    "K": [
      [
        1052.2741276450777,
        0.0,
        975.8102515525472
      ],
      [
        0.0,
        1028.8517161540765,
        550.917830939932
      ],
      [
        0.0,
        0.0,
        1.0
      ]
    ],
    "dist": [
      -0.003886906366244271,
      -0.006685396693857207,
      0.00018332738451268466,
      0.0017879509679010687,
      -0.0014375639062855006
    ]
  }
}