{
  "6_1": {
    "R": [
      [
        1.0,
        0.0,
        0.0
      ],
      [
        0.0,
        1.0,
        0.0
      ],
      [
        0.0,
        0.0,
        1.0
      ]
    ],
    "t": [
      -9.436657034504272e-05,
      1.2561037912372582e-06,
      -4.0592252758210135e-05
    ],
    "K": [
      [
        1042.850444639268,
        0.0,
        969.4076949957009
      ],
      [
        0.0,
        1039.1763354534814,
        545.6084749974075
      ],
      [
        0.0,
        0.0,
        1.0
      ]
    ],
    "dist": [
      0.006367043683283757,
      4.045127469605875e-05,
      0.00156774471367684,
      0.002720999570343592,
      0.0009869836656034169
    ]
  },
  "6_2": {
    "R": [
      [
        0.7748744940921382,
        0.6064599514903674,
        -0.1782578066838982
      ],
      [
        -0.6320393335867137,
        0.7389696042706757,
        -0.2333456765472713
      ],
      [
        -0.009787706815986286,
        0.2934795584062748,
        0.95591524184571
      ]
    ],
    "t": [
      0.03927059208734843,
      -0.2998104013614796,
      0.6202975567807739
    ],
    "K": [
      [
        1036.304769876882,
        0.0,
        964.2532877585351
      ],
      [
        0.0,
        1032.641518186034,
        535.9609952521012
      ],
      [
        0.0,
        0.0,
        1.0
      ]
    ],
    "dist": [
      0.002312586861532649,
      0.002475275505025162,
      -0.0012455482497751827,
      0.0012979173851225794,
      -0.00021079006159789826
    ]
  },
  "6_3": {
    "R": [
      [
        0.4324384488008463,
        0.4589936191763765,
        0.7760939669615331
      ],
      [
        -0.5586047839507572,
        0.8120351318038168,
        -0.16899597647188414
      ],
      [
        -0.7077836416208315,
        -0.3604494448209473,
        0.6075512442438293
      ]
    ],
    "t": [
      -0.4963217056179354,
      -0.5282783845584169,
      1.7550586099517687
    ],
    "K": [
      [
        1041.4898714510198,
        0.0,
        968.2522904141196
      ],
      [
        0.0,
        1037.8238614675033,
        542.1298851112409
      ],
      [
        0.0,
        0.0,
        1.0
      ]
    ],
    "dist": [
      0.00459215091428827,
      0.0004547818489977307,
      0.0002336952091963384,
      0.002269675839567732,
      0.0013163958624998536
    ]
  },
  "6_4": {
    "R": [
      [
        0.6293827170686116,
        -0.012613366210476127,
        0.7769931135139954
      ],
      [
        0.021119225516795553,
        0.9997765795160245,
        -0.0008771344304075879
      ],
      [
        -0.7768084537187419,
        0.01696154604034355,
        0.6295084846028833
      ]
    ],
    "t": [
      0.5029806783223735,
      0.17498388670283763,
      0.84618554498846
    ],
    "K": [
      [
        1042.2896073587158,
        0.0,
        965.8205873828936
      ],
      [
        0.0,
        1038.8515862587954,
        540.9190679461681
      ],
      [
        0.0,
        0.0,
        1.0
      ]
    ],
    "dist": [
      0.006117762755403036,
      0.0033179529185979224,
      0.00018332738551263026,
      0.0017879509689016097,
      -0.001437563905285264
    ]
  }
}