{
  "6_1": {
    "R": [
      [
        1.0,
        0.0,
        0.0
      ],
      [
        0.0,
        1.0,
        -7.357792893998894e-16
      ],
      [
        0.0,
        7.357792893998894e-16,
        1.0
      ]
    ],
    "t": [
      -0.2172273687864539,
      0.06768481567967853,
      -0.1040333850987274
    ],
    "K": [
      [
        1044.0658942853536,
        0.0,
        978.2777189177847
      ],
      [
        0.0,
        1047.3055611895984,
        542.9896297895289
      ],
      [
        0.0,
        0.0,
        1.0
      ]
    ],
    "dist": [
      0.016365592285168398,
      0.009979731589639586,
      0.0015677447143695711,
      0.002720999569343919,
      0.0009869836664693767
    ]
  },
  "6_2": {
    "R": [
      [
        -0.9221676614288897,
        -0.18668327989338773,
        0.3387567818111096
      ],
      [
        -0.03323795455536359,
        0.9108222785903891,
        0.41145840032789066
      ],
      [
        -0.3853596276100394,
        0.368174048286484,
        -0.8461358209983747
      ]
    ],
    "t": [
      -0.22501450317087923,
      -0.19981396219284614,
      1.6563118134885446
    ],
    "K": [
      [
        1044.257419292774,
        0.0,
        954.272096460606
      ],
      [
        0.0,
        1034.0873274684,
        544.0280217678992
      ],
      [
        0.0,
        0.0,
        1.0
      ]
    ],
    "dist": [
      -0.0046662104795038425,
      0.009532429142262065,
      -0.0012455482507746508,
      0.001297917385438496,
      -0.00021079006100597263
    ]
  },
  "6_3": {
    "R": [
      [
        -0.7673591942465329,
        0.09037952573755607,
        -0.6348160429075232
      ],
      [
        -0.16102821644521337,
        0.9311284321940896,
        0.32721515287078373
      ],
      [
        0.6206688170947413,
        0.35331485121238715,
        -0.699956309635811
      ]
    ],
    "t": [
      0.7139118838971795,
      -0.1950375341898305,
      1.635333580228775
    ],
    "K": [
      [
        1050.8995509704632,
        0.0,
        966.20935903441
      ],
      [
        0.0,
        1028.3604318707048,
        538.7599218596151
      ],
      [
        0.0,
        0.0,
        1.0
      ]
    ],
    "dist": [
      -0.005434848258390258,
      -0.009572500209198113,
      0.0002336952082356959,
      0.0022696758385673125,
      0.0013163958614982024
    ]
  },
  "6_4": {
    "R": [
      [
        0.425682702238019,
        -0.2834923398243721,
        0.8593173629551778
      ],
      [
        0.10448287105423444,
        0.9587029823482242,
        0.26452206201541073
      ],
      [
        -0.8988200969446569,
        -0.022818520931982292,
        0.437723369756373
      ]
    ],
    "t": [
      -1.1243715562863497,
      -0.04131592214338531,
      0.5814738015145772
    ],
    "K": [
      [
        1039.1077645798503,
        0.0,
        966.7667249748413
      ],
      [
        0.0,
        1046.533735078864,
        541.216776016403
      ],
      [
        0.0,
        0.0,
        1.0
      ]
    ],
    "dist": [
      0.016096493946939246,
      0.013314602259543352,
      0.00018332738451310652,
      0.0017879509681742224,
      -0.001437563904285501
    ]
  }
}