{
  "6_1": {
    "R": [
      [
        1.0,
        0.0,
        0.0
      ],
      [
        0.0,
        1.0,
        -2.0920009075584403e-15
      ],
      [
        0.0,
        2.0920009075584403e-15,
        1.0
      ]
    ],
    "t": [
      0.03481219537885437,
      0.003434979699192519,
      0.015317467765009746
    ],
    "K": [
      [
        1033.7952269335942,
        0.0,
        978.623571762212
      ],
      [
        0.0,
        1049.1774666905058,
        535.6086571036052
      ],
      [
        0.0,
        0.0,
        1.0
      ]
    ],
    "dist": [
      -0.002067097028082117,
      -0.0031664936009849942,
      0.0015677447146768284,
      0.0027209995693439192,
      0.000986983666556798
    ]
  },
  "6_2": {
    "R": [
      [
        -0.9172422624786272,
        -0.16986172532103688,
        0.3602965808803214
      ],
      [
        -0.021082055160572363,
        0.923952259830624,
        0.3819263914736581
      ],
      [
        -0.39777151591497345,
        0.3427232350233114,
        -0.8510690954921699
      ]
    ],
    "t": [
      -0.4363341220284758,
      -0.18870150175743725,
      1.4317362789542287
    ],
    "K": [
      [
        1039.58011991069,
        0.0,
        969.492865880439
      ],
      [
        0.0,
        1022.6968394395375,
        545.9480954340596
      ],
      [
        0.0,
        0.0,
        1.0
      ]
    ],
    "dist": [
      0.01231209523344713,
      0.012453632871405374,
      -0.0012455482507751818,
      0.001297917386122209,
      -0.00021079006063003176
    ]
  },
  "6_3": {
    "R": [
      [
        -0.7853237074863076,
        0.07775740500997469,
        -0.6141827581641114
      ],
      [
        -0.1567755456622192,
        0.9347646302389887,
        0.31880482169578545
      ],
      [
        0.5989057544741693,
        0.3466538215861508,
        -0.7219023654466326
      ]
    ],
    "t": [
      0.4140505356250329,
      -0.2572136525693932,
      1.6949496757728735
    ],
    "K": [
      [
        1051.0746326092167,
        0.0,
        964.6286233845132
      ],
      [
        0.0,
        1027.855352870582,
        548.7236180587086
      ],
      [
        0.0,
        0.0,
        1.0
      ]
    ],
    "dist": [
      -0.005434848258390289,
      -0.00957250020919841,
      0.000233695209169663,
      0.0022696758385673125,
      0.0013163958614982008
    ]
  },
  "6_4": {
    "R": [
      [
        0.42118415995235914,
        -0.2617039656110527,
        0.8683979144313249
      ],
      [
        0.10303196206893009,
        0.9650738815354606,
        0.2408668054554353
      ],
      [
        -0.9011039441692906,
        -0.011976542135729545,
        0.43343770514460206
      ]
    ],
    "t": [
      -0.9045561733898074,
      -0.036402159666635715,
      0.4291277117030752
    ],
    "K": [
      [
        1032.2962189879931,
        0.0,
        961.582662751783
      ],
      [
        0.0,
        1048.8513630363584,
        550.6002230730375
      ],
      [
        0.0,
        0.0,
        1.0
      ]
    ],
    "dist": [
      0.01610878544784554,
      0.01331459989813843,
      0.00018332738451268466,
      0.001787950968044208,
      -0.0014375639042855013
    ]
  }
}