{
  "6_1": {
    "R": [
      [
        1.0,
        0.0,
        0.0
      ],
      [
        0.0,
        1.0,
        2.5076313477894593e-15
      ],
      [
        0.0,
        -2.5076313477894593e-15,
        1.0
      ]
    ],
    "t": [
      -0.09414680398368003,
      0.050260755871899626,
      -0.05808501736851267
    ],
    "K": [
      [
        1041.4720678802782,
        0.0,
        979.0649486989835
      ],
      [
        0.0,
        1049.1699528824934,
        535.6509848365474
      ],
      [
        0.0,
        0.0,
        1.0
      ]
    ],
    "dist": [
      -0.003556127340511005,
      -0.009959601513204682,
      0.0015677447146768284,
      0.002720999569343919,
      0.000986983664603422
    ]
  },
  "6_2": {
    "R": [
      [
        -0.9243493993579474,
        -0.16273129439868855,
        0.3451039172914866
      ],
      [
        -0.02200109913088072,
        0.925713723456094,
        0.37758449894306695
      ],
      [
        -0.38091224651307154,
        0.3414273393101102,
        -0.8592631915938118
      ]
    ],
    "t": [
      -0.3283668309097435,
      -0.16190459545005398,
      1.5629079847148561
    ],
    "K": [
      [
        1046.2980845919017,
        0.0,
        956.2515763117409
      ],
      [
        0.0,
        1022.6418476703687,
        538.8026076243696
      ],
      [
        0.0,
        0.0,
        1.0
      ]
    ],
    "dist": [
      0.012312384355392846,
      0.012474870253752835,
      -0.0012455482507751818,
      0.0012979173861177597,
      -0.00021079006059954918
    ]
  },
  "6_3": {
    "R": [
      [
        -0.7878760673397162,
        0.07453082395051122,
        -0.6113071722093245
      ],
      [
        -0.16581642828425827,
        0.9303158451104826,
        0.32713504924941816
      ],
      [
        0.5930903932996675,
        0.35910664797191616,
        -0.7206151544049152
      ]
    ],
    "t": [
      0.5545462425606611,
      -0.2263266546924389,
      1.6758950351003725
    ],
    "K": [
      [
        1046.6601199831553,
        0.0,
        971.7736749651879
      ],
      [
        0.0,
        1029.62339791606,
        552.1024885112538
      ],
      [
        0.0,
        0.0,
        1.0
      ]
    ],
    "dist": [
      -0.005434848258387122,
      -0.00957250017139906,
      0.00023369520819812147,
      0.0022696758385673125,
      0.0013163958614982056
    ]
  },
  "6_4": {
    "R": [
      [
        0.40626837929623266,
        -0.25920277399515834,
        0.8762191084068113
      ],
      [
        0.09361037494867427,
        0.9656836541578789,
        0.24226468540473417
      ],
      [
        -0.9089461489472196,
        -0.01640128182493833,
        0.4165908019490083
      ]
    ],
    "t": [
      -1.0387749523593155,
      -0.022861180555289257,
      0.5217403976040441
    ],
    "K": [
      [
        1032.283545160032,
        0.0,
        960.4107540677641
      ],
      [
        0.0,
        1048.8517152616587,
        546.5336544872802
      ],
      [
        0.0,
        0.0,
        1.0
      ]
    ],
    "dist": [
      0.01595364875597357,
      0.013314392236027038,
      0.00018332738451268564,
      0.001787950969864032,
      -0.0014375639042855065
    ]
  }
}