{
  "6_1": {
    "R": [
      [
        1.0,
        0.0,
        0.0
      ],
      [
        0.0,
        1.0,
        -1.339730312536987e-15
      ],
      [
        0.0,
        1.339730312536987e-15,
        1.0
      ]
    ],
    "t": [
      -0.2141121832120909,
      0.055953956057371114,
      -0.10400338112352069
    ],
    "K": [
      [
        1046.5944398002143,
        0.0,
        978.0133117042402
      ],
      [
        0.0,
        1048.5536603967796,
        540.5547307097589
      ],
      [
        0.0,
        0.0,
        1.0
      ]
    ],
    "dist": [
      0.01636345339599022,
      0.009202105499489157,
      0.0015677447146758112,
      0.002720999569343919,
      0.0009869836650298399
    ]
  },
  "6_2": {
    "R": [
      [
        -0.9207885620985047,
        -0.18536387490321815,
        0.3432035224024258
      ],
      [
        -0.03205575985980806,
        0.9128530692814067,
        0.4070278886800331
      ],
      [
        -0.3887426554526511,
        0.3637849746545055,
        -0.8464866449314143
      ]
    ],
    "t": [
      -0.22727135788507158,
      -0.20579181152409873,
      1.638096014276956
    ],
    "K": [
      [
        1041.6144547789704,
        0.0,
        954.2615103926247
      ],
      [
        0.0,
        1033.3636123846306,
        542.0335079956809
      ],
      [
        0.0,
        0.0,
        1.0
      ]
    ],
    "dist": [
      -0.0027695818681607236,
      0.010430465601499328,
      -0.0012455482507743793,
      0.0012979173859802742,
      -0.00021079006095357498
    ]
  },
  "6_3": {
    "R": [
      [
        -0.7703002759197326,
        0.09054090577411804,
        -0.6312209037251431
      ],
      [
        -0.16272619591151638,
        0.9291870623916125,
        0.3318607964918607
      ],
      [
        0.6165692743578379,
        0.35834863954764457,
        -0.7010196733702997
      ]
    ],
    "t": [
      0.7047627091264841,
      -0.21601992725015273,
      1.6217134378343505
    ],
    "K": [
      [
        1051.23553402467,
        0.0,
        965.1462176527408
      ],
      [
        0.0,
        1027.9812448329337,
        545.0103675779944
      ],
      [
        0.0,
        0.0,
        1.0
      ]
    ],
    "dist": [
      -0.005434848258390289,
      -0.009572500209146108,
      0.00023369520819829852,
      0.0022696758385673125,
      0.0013163958614982008
    ]
  },
  "6_4": {
    "R": [
      [
        0.42644655823245825,
        -0.28129803654665186,
        0.8596596696406604
      ],
      [
        0.10909729461117103,
        0.9594694940851419,
        0.25983854646400206
      ],
      [
        -0.8979093012549844,
        -0.017020709591569302,
        0.4398513182483207
      ]
    ],
    "t": [
      -1.1135184113196515,
      -0.053974137628864806,
      0.5734993827156857
    ],
    "K": [
      [
        1040.724375617915,
        0.0,
        966.4194302461906
      ],
      [
        0.0,
        1046.118332297712,
        546.2180234157693
      ],
      [
        0.0,
        0.0,
        1.0
      ]
    ],
    "dist": [
      0.016068010891037893,
      0.013314602245872807,
      0.00018332738451268474,
      0.0017879509685285227,
      -0.001437563904285501
    ]
  }
}