{
  "6_1": {
    "R": [
      [
        1.0,
        0.0,
        0.0
      ],
      [
        0.0,
        1.0,
        -2.093154002154767e-15
      ],
      [
        0.0,
        2.093154002154767e-15,
        1.0
      ]
    ],
    "t": [
      -0.20841779352663564,
      0.08171662846579145,
      -0.09285069954003282
    ],
    "K": [
      [
        1049.0616754129833,
        0.0,
        978.9044972030398
      ],
      [
        0.0,
        1049.037138603127,
        535.9995306702565
      ],
      [
        0.0,
        0.0,
        1.0
      ]
    ],
    "dist": [
      0.01636170977360889,
      0.0032359250810916882,
      0.0015677447146768284,
      0.002720999569343919,
      0.0009869836646605509
    ]
  },
  "6_2": {
    "R": [
      [
        -0.9213788341123795,
        -0.18314720173266713,
        0.342809198457693
      ],
      [
        -0.032703036378722156,
        0.9154197611645256,
        0.4011697549430837
      ],
      [
        -0.3872874326147495,
        0.358418419402485,
        -0.8494378618661287
      ]
    ],
    "t": [
      -0.24307197313951912,
      -0.18198929328370217,
      1.6697977448494121
    ],
    "K": [
      [
        1045.3550942587221,
        0.0,
        957.0675628201363
      ],
      [
        0.0,
        1030.908948440345,
        545.1645238717488
      ],
      [
        0.0,
        0.0,
        1.0
      ]
    ],
    "dist": [
      -0.002841099602519976,
      0.01114749335350329,
      -0.0012455482507751818,
      0.0012979173841338354,
      -0.00021079006074005885
    ]
  },
  "6_3": {
    "R": [
      [
        -0.7701593143169948,
        0.08091180953948121,
        -0.6326989091564985
      ],
      [
        -0.1643919107209424,
        0.9332336576145353,
        0.31945303251794993
      ],
      [
        0.6163034400847476,
        0.3500403110678017,
        -0.7054373468758672
      ]
    ],
    "t": [
      0.7080886677469138,
      -0.18484849986203383,
      1.6645504803191438
    ],
    "K": [
      [
        1050.1749469256645,
        0.0,
        964.6843221417755
      ],
      [
        0.0,
        1028.0893084262234,
        542.0765337761461
      ],
      [
        0.0,
        0.0,
        1.0
      ]
    ],
    "dist": [
      -0.005434848258390289,
      -0.009572500197958448,
      0.0002336952081981863,
      0.0022696758385673125,
      0.0013163958614982015
    ]
  },
  "6_4": {
    "R": [
      [
        0.42314128506886606,
        -0.27720721381619895,
        0.8626167245529899
      ],
      [
        0.11133517022045412,
        0.9607414305328086,
        0.25412670762781975
      ],
      [
        -0.8991973825263568,
        -0.01149192177283792,
        0.43739227587111756
      ]
    ],
    "t": [
      -1.130203234184882,
      -0.0253536950658145,
      0.5780472501447574
    ],
    "K": [
      [
        1033.522675604259,
        0.0,
        965.5314511096682
      ],
      [
        0.0,
        1039.6653550847623,
        547.760440997024
      ],
      [
        0.0,
        0.0,
        1.0
      ]
    ],
    "dist": [
      0.015332759993742588,
      0.013314465764967948,
      0.00018332738451268865,
      0.0017879509683817443,
      -0.0014375639042855015
    ]
  }
}