{
  "6_1": {
    "R": [
      [
        1.0,
        0.0,
        0.0
      ],
      [
        0.0,
        1.0,
        -2.6904566543325157e-15
      ],
      [
        0.0,
        2.6904566543325157e-15,
        1.0
      ]
    ],
    "t": [
      -0.256638141662481,
      0.06259146002022158,
      -0.11573114949577817
    ],
    "K": [
      [
        1048.486890307255,
        0.0,
        979.4013841469728
      ],
      [
        0.0,
        1048.5084171007397,
        536.3276880382074
      ],
      [
        0.0,
        0.0,
        1.0
      ]
    ],
    "dist": [
      0.016319144764893108,
      -0.007911852502981416,
      0.0015677447146768284,
      0.002720999569343919,
      0.0009869836646068909
    ]
  },
  "6_2": {
    "R": [
      [
        -0.9190314014164729,
        -0.18206496881120326,
        0.3496192648328313
      ],
      [
        -0.03240362052313632,
        0.9188358073930899,
        0.39330746805683847
      ],
      [
        -0.39285021138783477,
        0.35013298357061995,
        -0.8503385239000227
      ]
    ],
    "t": [
      -0.18742353841784792,
      -0.18677221911273187,
      1.6283023263011043
    ],
    "K": [
      [
        1042.5810379465192,
        0.0,
        954.267251041145
      ],
      [
        0.0,
        1023.918658008726,
        543.9745189683409
      ],
      [
        0.0,
        0.0,
        1.0
      ]
    ],
    "dist": [
      0.007686838789526864,
      0.004864582721324311,
      -0.0012455482507751766,
      0.0012979173851627149,
      -0.00021079006177495197
    ]
  },
  "6_3": {
    "R": [
      [
        -0.7744724797077217,
        0.08056227399392668,
        -0.6274568496592415
      ],
      [
        -0.16000397787664422,
        0.9346618992558505,
        0.31749938762633395
      ],
      [
        0.6120384834624558,
        0.34629012993207614,
        -0.7109796344991908
      ]
    ],
    "t": [
      0.733873636423642,
      -0.18249660277329988,
      1.5743434405447587
    ],
    "K": [
      [
        1051.47605876959,
        0.0,
        960.545440587714
      ],
      [
        0.0,
        1033.0906978246785,
        538.3725090024485
      ],
      [
        0.0,
        0.0,
        1.0
      ]
    ],
    "dist": [
      -0.0054348482583898945,
      -0.009572500192971418,
      0.0002336952081981649,
      0.0022696758385673125,
      0.0013163958614982017
    ]
  },
  "6_4": {
    "R": [
      [
        0.4287218791708985,
        -0.27535279909278193,
        0.8604524311964861
      ],
      [
        0.11014347496585154,
        0.9612473643528348,
        0.2527289446169068
      ],
      [
        -0.896697253950641,
        -0.013577207242241929,
        0.4424360905270736
      ]
    ],
    "t": [
      -1.1191190235801,
      -0.05011654037426533,
      0.6006563284150404
    ],
    "K": [
      [
        1032.298000868598,
        0.0,
        964.3858745382444
      ],
      [
        0.0,
        1048.6508027761593,
        548.015764456171
      ],
      [
        0.0,
        0.0,
        1.0
      ]
    ],
    "dist": [
      0.01611104157590693,
      0.013314603308140743,
      0.00018332738451268466,
      0.0017879509680597762,
      -0.001437563904285501
    ]
  }
}